Time,Interest,Cliche,Funny,Dumb,Wtf
0,0,0,0,0,0
2,0,0,0,0,0
4,0,0,0,0,0
6,0,0,0,0,0
8,0,0,0,0,0
10,14,0,0,0,14
12,14,0,0,0,14
14,10,0,0,0,10
16,10,0,0,0,10
18,10,0,0,0,10
20,10,0,0,0,10
22,10,0,0,0,10
24,10,0,0,0,10
26,10,0,0,0,10
28,10,0,0,0,10
30,10,0,0,0,10
32,10,0,0,0,10
34,10,0,0,0,10
36,10,0,0,0,10
38,10,0,0,0,10
40,10,0,0,0,10
42,10,0,0,0,10
44,10,0,0,0,10
46,10,0,0,0,10
48,20,0,0,0,20
50,20,0,0,12,20
52,20,0,0,12,20
54,20,0,0,12,20
56,20,0,0,12,20
58,20,0,0,12,20
60,20,0,0,12,20
62,20,0,0,12,20
64,20,0,0,12,20
66,20,0,0,12,20
68,20,0,0,12,20
70,20,0,0,12,20
72,20,0,0,12,20
74,20,0,0,12,20
76,20,0,0,12,20
78,20,0,0,12,20
80,20,0,0,12,20
82,20,0,0,12,20
84,20,0,0,12,20
86,20,0,0,12,20
88,20,0,0,12,20
90,20,0,0,12,20
92,20,0,0,12,20
94,20,0,0,12,20
96,20,0,0,12,20
98,20,0,0,12,20
100,20,0,0,12,20
102,20,12,0,12,20
104,20,12,0,8,20
106,20,12,0,0,20
108,20,12,0,0,20
110,20,12,0,0,20
112,20,12,0,8,20
114,20,12,0,6,20
116,20,12,0,6,20
118,20,12,0,6,20
120,20,12,0,6,20
122,20,12,0,6,20
124,20,12,0,6,20
126,20,12,0,6,20
128,20,12,0,6,20
130,20,12,0,6,20
132,20,12,0,6,20
134,20,12,0,6,20
136,20,12,0,6,20
138,20,12,0,6,20
140,20,12,0,6,20
142,20,12,0,6,20
144,20,12,0,6,20
146,20,12,0,6,20
148,20,12,0,6,20
150,20,12,0,6,20
152,20,12,0,6,20
154,20,12,0,6,20
156,20,6,0,6,20
158,20,0,0,6,20
160,20,0,0,6,20
162,20,0,0,6,20
164,20,0,0,6,20
166,20,0,0,6,20
168,20,0,0,6,20
170,20,0,0,6,20
172,20,0,0,14,20
174,20,0,0,14,20
176,20,0,0,14,20
178,20,0,0,8,20
180,20,0,0,8,20
182,20,0,0,8,20
184,20,0,0,8,20
186,20,8,0,8,20
188,20,8,0,8,20
190,20,8,0,8,20
192,20,8,0,8,20
194,20,8,0,8,20
196,20,8,0,8,20
198,20,8,0,8,20
200,20,8,0,8,20
202,20,8,0,8,20
204,20,8,0,8,20
206,20,8,0,8,20
208,20,8,0,8,20
210,20,8,0,8,20
212,20,28,0,8,20
214,20,28,0,8,20
216,20,8,0,8,20
218,20,8,0,8,20
220,20,8,0,24,20
222,20,8,0,24,20
224,20,8,0,24,20
226,20,8,0,24,20
228,20,8,0,24,20
230,20,8,0,24,20
232,20,6,0,24,20
234,20,6,0,24,20
236,20,6,0,24,20
238,20,6,0,30,20
240,20,6,0,0,20
242,20,0,0,0,20
244,14,0,0,0,14
246,14,0,0,0,14
248,14,0,0,0,14
250,32,0,0,0,32
252,32,0,0,0,32
254,32,0,0,0,32
256,32,0,0,0,32
258,32,0,0,0,32
260,32,0,0,0,32
262,32,0,0,0,32
264,32,0,0,0,32
266,32,0,0,0,32
268,32,0,0,0,32
270,32,0,0,0,32
272,32,0,0,0,32
274,32,0,0,0,32
276,32,0,0,0,32
278,32,0,0,0,32
280,32,0,0,0,32
282,32,0,0,0,32
284,32,0,0,0,32
286,32,0,0,0,32
288,32,0,0,0,32
290,32,0,0,0,32
292,32,0,0,0,32
294,32,0,0,0,32
296,32,0,0,0,32
298,32,0,0,0,32
300,32,0,0,0,32
302,32,0,0,0,32
304,32,0,0,0,32
306,32,0,0,0,32
308,32,0,0,0,32
310,32,0,0,0,32
312,32,0,0,0,32
314,32,0,0,0,32
316,32,0,0,0,32
318,32,0,0,0,32
320,32,0,0,0,32
322,32,0,0,0,32
324,32,0,0,0,32
326,32,0,0,0,32
328,32,0,0,0,32
330,32,0,0,0,32
332,32,0,0,0,32
334,32,0,0,0,32
336,32,0,0,0,32
338,32,0,0,0,32
340,32,0,0,0,32
342,32,0,0,0,32
344,32,0,0,0,32
346,32,0,0,0,32
348,32,0,0,0,32
350,32,0,0,0,32
352,32,0,0,0,32
354,32,0,0,0,32
356,32,0,0,0,32
358,32,0,0,0,32
360,32,0,0,0,32
362,32,0,0,0,32
364,32,0,0,0,32
366,32,0,0,0,32
368,32,0,0,0,32
370,32,0,0,0,32
372,40,0,0,0,40
374,40,0,0,0,40
376,40,0,0,0,40
378,40,0,0,0,40
380,40,0,0,0,40
382,40,0,0,0,40
384,40,0,0,0,40
386,40,0,0,0,40
388,40,0,0,0,40
390,40,0,0,0,40
392,40,0,0,0,40
394,40,0,0,0,40
396,40,0,0,0,40
398,40,0,0,0,40
400,40,0,0,0,40
402,40,0,0,0,40
404,40,0,0,0,40
406,40,0,0,0,40
408,40,0,0,0,40
410,40,0,0,0,40
412,40,0,0,0,40
414,40,0,0,0,40
416,40,0,0,0,40
418,40,0,0,0,40
420,40,0,0,0,40
422,40,0,0,0,40
424,40,0,0,0,40
426,40,0,0,0,40
428,40,0,0,0,40
430,40,0,0,0,40
432,40,0,0,0,40
434,40,0,0,0,40
436,40,0,0,0,40
438,40,0,0,0,40
440,40,0,0,0,40
442,40,0,0,0,40
444,40,0,0,0,40
446,40,0,0,0,40
448,40,0,0,0,40
450,40,0,0,0,40
452,40,0,0,0,40
454,40,0,0,0,40
456,40,0,0,0,40
458,40,0,0,0,40
460,40,0,0,0,40
462,40,0,0,0,40
464,40,0,0,6,40
466,40,0,0,6,40
468,40,0,0,6,40
470,40,0,0,6,40
472,40,0,0,6,40
474,40,0,0,6,40
476,40,0,0,6,40
478,40,0,0,6,40
480,40,0,0,6,40
482,40,0,0,6,40
484,40,0,0,6,40
486,40,0,0,6,40
488,40,0,0,6,40
490,40,0,0,0,40
492,40,0,0,0,40
494,40,0,0,0,40
496,40,0,0,0,40
498,40,0,0,0,40
500,38,0,0,0,38
502,38,0,0,0,38
504,38,0,0,0,38
506,38,0,0,0,38
508,38,0,0,0,38
510,38,0,0,0,38
512,38,0,0,0,38
514,38,0,0,0,38
516,38,0,0,0,38
518,38,0,0,0,38
520,38,0,0,0,38
522,38,0,0,0,38
524,38,0,0,0,38
526,38,0,0,0,38
528,38,0,0,0,38
530,42,0,0,0,42
532,42,0,0,0,42
534,42,0,0,0,42
536,42,0,0,0,42
538,42,0,0,0,42
540,42,0,0,0,42
542,42,0,0,0,42
544,42,0,0,0,42
546,42,0,0,0,42
548,42,0,0,0,42
550,42,0,0,0,42
552,42,0,0,0,42
554,42,0,0,0,42
556,42,0,0,0,42
558,42,0,0,0,42
560,42,0,0,0,42
562,42,0,0,0,42
564,42,0,0,0,42
566,42,0,0,0,42
568,42,0,0,0,42
570,42,6,0,0,42
572,42,6,0,0,42
574,42,6,0,0,42
576,42,0,0,0,42
578,42,0,0,0,42
580,42,0,0,0,42
582,42,0,0,0,42
584,42,0,0,0,42
586,42,0,0,0,42
588,42,0,0,0,42
590,42,0,0,0,42
592,42,0,0,0,42
594,42,0,0,0,42
596,42,0,0,0,42
598,42,0,0,0,42
600,42,0,0,0,42
602,42,0,0,0,42
604,42,0,0,0,42
606,42,0,0,0,42
608,42,0,0,0,42
610,42,0,0,0,42
612,42,0,0,0,42
614,42,0,0,0,42
616,38,0,0,0,38
618,38,0,0,0,38
620,38,0,0,0,38
622,38,0,0,0,38
624,38,0,0,0,38
626,38,0,0,0,38
628,38,0,0,0,38
630,38,0,0,0,38
632,38,0,0,0,38
634,38,0,0,0,38
636,38,0,0,0,38
638,38,0,0,0,38
640,38,0,0,0,38
642,38,0,0,0,38
644,38,0,0,0,38
646,44,0,0,0,44
648,48,0,0,0,48
650,48,0,0,0,48
652,48,0,0,0,48
654,48,0,0,0,48
656,52,0,0,0,52
658,52,0,0,0,52
660,52,0,0,0,52
662,52,0,0,0,52
664,52,0,0,0,52
666,52,0,0,0,52
668,52,0,0,0,52
670,52,0,0,0,52
672,52,0,0,0,52
674,52,0,0,0,52
676,52,0,0,0,52
678,52,0,0,0,52
680,52,0,0,0,52
682,52,0,0,0,52
684,52,0,0,0,52
686,52,0,0,0,52
688,52,0,0,0,52
690,52,0,0,0,52
692,52,0,0,0,52
694,52,0,0,0,52
696,52,0,0,0,52
698,52,0,0,0,52
700,52,0,0,0,52
702,52,0,0,0,52
704,52,0,0,0,52
706,52,0,0,0,52
708,52,0,0,0,52
710,52,0,0,0,52
712,52,0,0,0,52
714,52,0,0,0,52
716,52,0,0,0,52
718,52,0,0,0,52
720,52,0,0,0,52
722,52,0,0,0,52
724,52,0,0,0,52
726,52,0,0,0,52
728,52,0,0,0,52
730,52,0,0,0,52
732,52,0,0,0,52
734,52,0,0,0,52
736,52,0,0,0,52
738,52,0,0,0,52
740,52,0,0,0,52
742,52,0,0,0,52
744,52,0,0,0,52
746,52,0,0,0,52
748,52,0,0,0,52
750,52,0,0,0,52
752,52,0,0,0,52
754,52,0,0,0,52
756,52,0,0,0,52
758,52,0,0,0,52
760,52,0,0,0,52
762,52,0,0,0,52
764,52,0,0,0,52
766,52,0,0,0,52
768,52,0,0,0,52
770,52,0,0,0,52
772,52,0,0,0,52
774,52,0,0,0,52
776,52,0,0,0,52
778,52,0,0,0,52
780,52,0,0,0,52
782,52,0,0,0,52
784,52,0,0,0,52
786,52,0,0,0,52
788,52,0,0,0,52
790,52,0,0,0,52
792,52,0,0,0,52
794,52,0,0,0,52
796,52,0,0,0,52
798,52,0,0,0,52
800,52,0,0,0,52
802,52,0,0,0,52
804,52,0,0,0,52
806,52,0,0,0,52
808,52,0,0,0,52
810,52,0,0,0,52
812,52,0,0,0,52
814,52,0,0,0,52
816,52,0,0,0,52
818,52,0,0,0,52
820,52,0,0,0,52
822,52,0,0,0,52
824,52,0,0,0,52
826,52,0,0,0,52
828,52,0,0,0,52
830,52,0,0,0,52
832,52,0,0,0,52
834,52,0,0,0,52
836,52,0,0,0,52
838,52,0,0,0,52
840,52,0,0,0,52
842,52,0,0,0,52
844,52,0,0,0,52
846,52,0,0,0,52
848,52,0,0,0,52
850,52,0,0,0,52
852,52,0,0,0,52
854,52,0,0,0,52
856,52,0,0,0,52
858,52,0,0,0,52
860,52,0,0,0,52
862,52,0,0,0,52
864,52,0,0,0,52
866,52,0,0,0,52
868,52,0,0,0,52
870,52,0,0,0,52
872,52,0,0,0,52
874,52,0,0,0,52
876,52,0,0,0,52
878,52,0,0,0,52
880,52,0,0,0,52
882,52,0,0,0,52
884,52,0,0,0,52
886,52,0,0,0,52
888,52,0,0,0,52
890,52,0,0,0,52
892,52,0,0,0,52
894,52,0,0,0,52
896,52,0,0,0,52
898,52,0,0,0,52
900,52,0,0,0,52
902,52,0,0,0,52
904,52,0,0,0,52
906,52,0,0,0,52
908,52,0,0,0,52
910,52,0,0,0,52
912,52,0,0,0,52
914,52,0,0,0,52
916,52,0,0,0,52
918,52,0,0,0,52
920,52,0,0,0,52
922,52,0,0,0,52
924,52,0,0,0,52
926,52,0,0,0,52
928,52,0,0,0,52
930,52,0,0,0,52
932,52,0,0,0,52
934,52,0,0,0,52
936,52,0,0,0,52
938,52,0,0,0,52
940,52,0,0,0,52
942,52,0,0,0,52
944,52,0,0,0,52
946,52,0,0,0,52
948,52,0,0,0,52
950,52,0,0,0,52
952,52,0,0,0,52
954,52,0,0,0,52
956,52,0,0,0,52
958,52,0,0,0,52
960,52,0,0,0,52
962,52,0,0,0,52
964,52,0,0,0,52
966,52,0,0,0,52
968,52,0,0,0,52
970,52,0,0,0,52
972,52,0,0,0,52
974,52,0,0,0,52
976,52,0,0,0,52
978,52,0,0,0,52
980,52,0,0,0,52
982,52,0,0,0,52
984,52,0,0,0,52
986,52,0,0,0,52
988,52,0,0,0,52
990,52,0,0,0,52
992,52,0,0,0,52
994,52,0,0,0,52
996,48,0,0,0,48
998,46,0,0,0,46
1000,46,0,0,0,46
1002,46,0,0,0,46
1004,46,0,0,0,46
1006,46,0,0,0,46
1008,46,0,0,0,46
1010,46,0,0,0,46
1012,46,0,0,0,46
1014,46,0,0,0,46
1016,46,0,0,0,46
1018,46,0,0,0,46
1020,46,0,0,0,46
1022,46,0,0,0,46
1024,46,0,0,0,46
1026,46,0,0,0,46
1028,46,0,0,0,46
1030,46,6,0,0,46
1032,46,8,0,0,46
1034,46,6,0,0,46
1036,46,4,0,0,46
1038,46,4,0,0,46
1040,46,4,0,0,46
1042,46,4,0,0,46
1044,46,4,0,0,46
1046,46,4,0,0,46
1048,46,4,0,0,46
1050,46,4,0,0,46
1052,52,0,0,0,52
1054,56,0,0,0,56
1056,56,0,0,0,56
1058,56,0,0,0,56
1060,56,0,0,0,56
1062,56,0,0,0,56
1064,56,0,0,0,56
1066,56,0,0,0,56
1068,56,0,0,0,56
1070,56,0,0,0,56
1072,56,0,0,0,56
1074,56,0,0,0,56
1076,62,0,0,0,62
1078,62,0,0,0,62
1080,62,0,0,0,62
1082,62,0,0,0,62
1084,62,0,0,0,62
1086,62,0,0,0,62
1088,62,0,0,0,62
1090,62,0,0,0,62
1092,62,0,0,0,62
1094,62,0,0,0,62
1096,62,0,0,0,62
1098,62,0,0,0,62
1100,62,0,0,0,62
1102,62,0,0,0,62
1104,62,0,0,0,62
1106,62,0,0,0,62
1108,62,0,0,0,62
1110,62,0,0,0,62
1112,62,0,0,0,62
1114,62,0,0,0,62
1116,62,0,0,0,62
1118,62,0,0,0,62
1120,62,0,0,0,62
1122,62,0,0,0,62
1124,62,0,0,0,62
1126,62,0,0,0,62
1128,62,0,0,0,62
1130,62,0,0,0,62
1132,62,0,0,0,62
1134,62,0,0,0,62
1136,62,0,0,0,62
1138,62,0,0,0,62
1140,62,0,0,0,62
1142,62,0,0,0,62
1144,62,0,0,0,62
1146,62,0,0,0,62
1148,62,0,0,0,62
1150,62,0,0,0,62
1152,62,0,0,0,62
1154,62,0,0,0,62
1156,62,0,0,0,62
1158,62,0,0,0,62
1160,62,0,0,0,62
1162,68,0,0,0,68
1164,68,0,0,0,68
1166,68,0,0,0,68
1168,68,0,0,0,68
1170,68,0,0,0,68
1172,68,0,0,0,68
1174,68,0,0,0,68
1176,68,0,0,0,68
1178,68,0,0,0,68
1180,68,0,0,0,68
1182,68,0,0,0,68
1184,68,0,0,0,68
1186,68,0,0,0,68
1188,68,0,0,0,68
1190,68,0,0,0,68
1192,68,0,0,0,68
1194,68,0,0,0,68
1196,68,0,0,0,68
1198,68,0,0,0,68
1200,68,0,0,0,68
1202,68,0,0,0,68
1204,68,0,0,0,68
1206,68,0,0,0,68
1208,68,0,0,0,68
1210,70,0,0,0,70
1212,70,0,0,0,70
1214,70,0,0,0,70
1216,70,0,0,0,70
1218,70,0,0,0,70
1220,70,0,0,0,70
1222,70,0,0,0,70
1224,70,0,0,0,70
1226,70,0,0,0,70
1228,70,0,0,0,70
1230,70,0,0,0,70
1232,70,0,0,0,70
1234,70,0,0,0,70
1236,70,0,0,0,70
1238,70,0,0,0,70
1240,70,0,0,0,70
1242,70,0,0,0,70
1244,70,0,0,0,70
1246,70,0,0,0,70
1248,70,0,0,0,70
1250,70,0,0,0,70
1252,70,0,0,0,70
1254,70,0,0,0,70
1256,74,0,0,0,74
1258,74,0,0,0,74
1260,74,0,0,0,74
1262,74,0,0,0,74
1264,74,0,0,0,74
1266,74,0,0,0,74
1268,74,0,0,0,74
1270,74,0,0,0,74
1272,74,0,0,0,74
1274,74,0,0,0,74
1276,74,0,0,0,74
1278,74,0,0,0,74
1280,74,0,0,0,74
1282,74,0,0,0,74
1284,74,0,0,0,74
1286,74,0,0,0,74
1288,74,0,0,0,74
1290,74,0,0,0,74
1292,74,0,0,0,74
1294,74,0,0,0,74
1296,74,0,0,0,74
1298,74,0,0,0,74
1300,74,0,0,0,74
1302,74,0,0,0,74
1304,74,0,0,0,74
1306,74,0,0,0,74
1308,74,0,0,0,74
1310,74,0,0,0,74
1312,74,0,0,0,74
1314,74,0,0,0,74
1316,74,0,0,0,74
1318,74,0,0,0,74
1320,74,0,0,0,74
1322,74,0,0,0,74
1324,74,0,0,0,74
1326,74,0,0,0,74
1328,74,0,0,0,74
1330,74,0,0,0,74
1332,74,0,0,0,74
1334,74,0,0,0,74
1336,74,0,0,0,74
1338,74,0,0,0,74
1340,74,0,0,0,74
1342,74,0,0,0,74
1344,74,0,0,0,74
1346,74,0,0,0,74
1348,74,0,0,0,74
1350,74,0,0,0,74
1352,74,0,0,0,74
1354,74,0,0,0,74
1356,74,0,0,0,74
1358,74,0,0,0,74
1360,74,0,0,0,74
1362,74,0,0,0,74
1364,74,0,0,0,74
1366,74,0,0,0,74
1368,74,0,0,0,74
1370,74,0,0,0,74
1372,74,0,0,0,74
1374,74,0,0,0,74
1376,74,0,0,0,74
1378,74,0,0,0,74
1380,74,0,0,0,74
1382,74,0,0,0,74
1384,74,0,0,0,74
1386,74,0,0,0,74
1388,74,0,0,0,74
1390,74,0,0,0,74
1392,74,0,0,0,74
1394,74,0,0,0,74
1396,74,0,0,0,74
1398,74,0,0,0,74
1400,74,0,0,0,74
1402,74,0,0,0,74
1404,74,0,0,0,74
1406,74,0,0,0,74
1408,74,0,0,0,74
1410,74,0,0,0,74
1412,74,0,0,0,74
1414,74,0,0,0,74
1416,74,0,0,0,74
1418,74,0,0,0,74
1420,74,0,0,0,74
1422,74,0,0,0,74
1424,74,0,0,0,74
1426,74,0,0,0,74
1428,74,0,0,0,74
1430,74,0,0,0,74
1432,74,0,0,0,74
1434,74,0,0,0,74
1436,74,0,0,0,74
1438,74,0,0,0,74
1440,74,0,0,0,74
1442,74,0,0,0,74
1444,74,0,0,0,74
1446,74,0,0,0,74
1448,74,0,0,0,74
1450,74,0,0,0,74
1452,74,0,0,0,74
1454,74,0,0,0,74
1456,74,0,0,0,74
1458,74,0,0,0,74
1460,74,0,0,0,74
1462,74,0,0,0,74
1464,74,0,0,0,74
1466,74,0,0,0,74
1468,74,0,0,0,74
1470,74,0,0,0,74
1472,74,0,0,0,74
1474,74,0,0,0,74
1476,74,0,0,0,74
1478,78,0,0,0,78
1480,78,0,0,0,78
1482,78,0,0,0,78
1484,78,0,0,0,78
1486,78,0,0,0,78
1488,78,0,0,0,78
1490,78,0,0,0,78
1492,78,0,0,0,78
1494,78,0,0,0,78
1496,78,0,0,0,78
1498,78,0,0,0,78
1500,78,0,0,0,78
1502,78,0,0,0,78
1504,78,0,0,0,78
1506,78,0,0,0,78
1508,78,0,0,0,78
1510,78,0,0,0,78
1512,78,0,0,0,78
1514,78,0,0,0,78
1516,78,0,0,0,78
1518,78,0,0,0,78
1520,78,0,0,0,78
1522,78,0,0,0,78
1524,78,0,0,0,78
1526,78,0,0,0,78
1528,78,0,0,0,78
1530,78,0,0,0,78
1532,78,0,0,0,78
1534,78,0,0,0,78
1536,78,0,0,0,78
1538,78,0,0,0,78
1540,78,0,0,0,78
1542,78,0,0,0,78
1544,78,0,0,0,78
1546,78,0,0,0,78
1548,78,0,0,0,78
1550,78,0,0,0,78
1552,78,0,0,0,78
1554,78,0,0,0,78
1556,78,0,0,0,78
1558,78,0,0,0,78
1560,78,0,0,0,78
1562,78,0,0,0,78
1564,78,0,0,0,78
1566,78,0,0,0,78
1568,78,0,0,0,78
1570,78,0,0,0,78
1572,78,0,0,0,78
1574,78,0,0,0,78
1576,78,0,0,0,78
1578,78,0,0,0,78
1580,78,0,0,0,78
1582,78,0,0,0,78
1584,78,0,0,0,78
1586,80,0,0,0,80
1588,80,0,0,0,80
1590,80,0,0,0,80
1592,80,0,0,0,80
1594,80,0,0,0,80
1596,80,0,0,0,80
1598,80,0,0,0,80
1600,80,0,0,0,80
1602,80,0,0,0,80
1604,80,0,0,0,80
1606,80,0,0,0,80
1608,80,0,0,0,80
1610,80,0,0,0,80
1612,80,0,0,0,80
1614,80,0,0,0,80
1616,80,0,0,0,80
1618,80,0,0,0,80
1620,80,0,0,0,80
1622,80,0,0,0,80
1624,80,0,0,0,80
1626,80,0,0,0,80
1628,80,0,0,0,80
1630,80,0,0,0,80
1632,80,0,0,0,80
1634,80,0,0,0,80
1636,80,0,0,0,80
1638,80,0,0,0,80
1640,80,0,0,0,80
1642,80,0,0,0,80
1644,80,0,0,0,80
1646,82,0,0,0,82
1648,82,0,0,0,82
1650,82,0,0,0,82
1652,82,0,0,0,82
1654,82,0,0,0,82
1656,82,0,0,0,82
1658,82,0,0,0,82
1660,82,0,0,0,82
1662,82,0,10,0,82
1664,82,0,0,0,82
1666,82,0,0,0,82
1668,82,0,0,0,82
1670,82,0,0,0,82
1672,82,0,0,0,82
1674,82,0,4,0,82
1676,82,0,6,0,82
1678,82,0,6,0,82
1680,82,0,0,0,82
1682,82,0,0,0,82
1684,82,0,0,0,82
1686,82,0,0,0,82
1688,82,0,0,0,82
1690,82,0,0,0,82
1692,82,0,0,0,82
1694,82,0,0,0,82
1696,82,0,0,0,82
1698,82,0,0,0,82
1700,82,0,0,0,82
1702,82,0,0,0,82
1704,82,0,0,0,82
1706,82,0,0,0,82
1708,82,0,0,0,82
1710,82,0,0,0,82
1712,82,0,0,0,82
1714,82,0,0,0,82
1716,82,0,0,0,82
1718,82,0,0,0,82
1720,82,0,0,0,82
1722,82,0,0,0,82
1724,82,0,0,0,82
1726,82,0,0,0,82
1728,82,0,0,0,82
1730,82,0,0,0,82
1732,82,0,0,0,82
1734,82,0,0,0,82
1736,82,0,0,0,82
1738,82,0,0,0,82
1740,82,0,0,0,82
1742,82,0,0,0,82
1744,82,0,0,0,82
1746,82,0,0,0,82
1748,82,0,0,0,82
1750,82,0,0,0,82
1752,82,0,0,0,82
1754,82,0,0,0,82
1756,82,0,0,0,82
1758,82,0,0,0,82
1760,82,0,0,0,82
1762,82,0,0,0,82
1764,82,0,0,0,82
1766,82,0,0,0,82
1768,82,0,0,0,82
1770,82,0,0,0,82
1772,82,0,0,0,82
1774,82,0,0,0,82
1776,82,0,0,0,82
1778,82,0,0,0,82
1780,82,0,0,0,82
1782,82,0,0,0,82
1784,82,0,0,0,82
1786,82,0,0,0,82
1788,82,0,0,0,82
1790,82,0,0,0,82
1792,82,0,0,0,82
1794,82,0,0,0,82
1796,82,0,0,0,82
1798,82,0,0,0,82
1800,72,0,0,0,72
1802,70,0,0,0,70
1804,70,0,0,0,70
1806,64,0,0,0,64
1808,64,0,0,0,64
1810,64,0,0,0,64
1812,64,0,0,8,64
1814,64,0,0,8,64
1816,64,0,0,8,64
1818,64,0,0,0,64
1820,64,0,0,0,64
1822,64,0,0,0,64
1824,64,0,0,0,64
1826,64,0,0,0,64
1828,64,0,0,0,64
1830,64,0,0,0,64
1832,64,0,0,0,64
1834,64,0,0,0,64
1836,64,0,0,0,64
1838,64,0,0,0,64
1840,64,0,0,0,64
1842,64,0,0,0,64
1844,64,0,0,0,64
1846,64,0,0,0,64
1848,64,0,0,0,64
1850,64,0,0,0,64
1852,64,0,0,0,64
1854,64,0,0,0,64
1856,64,0,0,0,64
1858,64,0,0,0,64
1860,64,0,0,0,64
1862,64,0,0,0,64
1864,64,0,0,0,64
1866,64,0,0,0,64
1868,64,0,0,0,64
1870,64,0,0,0,64
1872,64,0,0,0,64
1874,64,0,0,0,64
1876,64,0,0,0,64
1878,64,0,0,0,64
1880,64,0,0,0,64
1882,64,0,0,0,64
1884,64,0,0,0,64
1886,64,0,0,0,64
1888,64,0,0,0,64
1890,64,0,0,0,64
1892,64,0,0,0,64
1894,64,0,0,0,64
1896,64,0,0,0,64
1898,64,0,0,0,64
1900,64,0,0,0,64
1902,64,0,0,0,64
1904,64,0,0,0,64
1906,64,0,0,0,64
1908,64,0,0,0,64
1910,64,0,0,0,64
1912,64,0,0,0,64
1914,64,0,0,0,64
1916,64,0,0,0,64
1918,64,0,0,0,64
1920,64,0,0,0,64
1922,64,0,0,0,64
1924,64,0,0,0,64
1926,64,0,0,0,64
1928,64,0,0,0,64
1930,64,0,0,0,64
1932,64,0,0,0,64
1934,64,0,0,0,64
1936,64,0,0,0,64
1938,64,0,0,0,64
1940,64,0,0,0,64
1942,64,0,0,0,64
1944,64,0,0,0,64
1946,64,0,0,0,64
1948,64,0,0,0,64
1950,64,0,0,0,64
1952,58,0,0,0,58
1954,58,0,0,0,58
1956,58,0,0,0,58
1958,58,0,0,0,58
1960,58,0,0,0,58
1962,58,0,0,0,58
1964,58,0,0,0,58
1966,58,0,0,0,58
1968,58,0,0,0,58
1970,58,0,0,0,58
1972,58,0,0,0,58
1974,58,0,0,0,58
1976,58,0,0,0,58
1978,58,0,0,0,58
1980,58,0,0,0,58
1982,58,0,0,0,58
1984,58,0,0,0,58
1986,58,0,0,0,58
1988,58,0,0,0,58
1990,58,0,0,0,58
1992,58,0,0,0,58
1994,58,0,0,0,58
1996,58,0,0,0,58
1998,58,0,0,0,58
2000,58,0,0,0,58
2002,58,0,0,0,58
2004,58,0,0,0,58
2006,58,0,0,0,58
2008,58,0,0,0,58
2010,58,0,0,0,58
2012,58,0,0,0,58
2014,58,0,0,0,58
2016,58,0,0,0,58
2018,58,0,0,0,58
2020,58,0,0,0,58
2022,58,0,0,0,58
2024,58,0,0,0,58
2026,58,0,0,0,58
2028,58,0,0,0,58
2030,58,0,0,0,58
2032,58,0,0,0,58
2034,58,0,0,0,58
2036,58,0,0,0,58
2038,58,0,0,0,58
2040,58,0,0,0,58
2042,58,0,0,0,58
2044,58,0,0,0,58
2046,58,0,0,0,58
2048,58,0,0,0,58
2050,58,0,0,0,58
2052,58,0,0,0,58
2054,58,0,0,0,58
2056,58,0,0,0,58
2058,58,0,0,0,58
2060,58,0,0,0,58
2062,58,0,0,0,58
2064,58,0,0,0,58
2066,58,0,0,0,58
2068,58,0,0,0,58
2070,58,0,0,0,58
2072,58,0,0,0,58
2074,58,0,0,0,58
2076,58,0,0,0,58
2078,58,0,0,0,58
2080,58,0,0,0,58
2082,58,0,0,0,58
2084,58,0,0,0,58
2086,58,0,0,0,58
2088,58,0,0,0,58
2090,58,0,0,0,58
2092,58,0,0,0,58
2094,58,0,0,0,58
2096,58,0,0,0,58
2098,58,0,0,0,58
2100,58,0,0,0,58
2102,58,0,0,0,58
2104,58,0,0,0,58
2106,58,0,0,0,58
2108,58,0,0,0,58
2110,58,0,0,0,58
2112,58,0,0,0,58
2114,58,0,0,0,58
2116,58,0,0,0,58
2118,62,0,0,0,62
2120,62,0,0,0,62
2122,62,0,0,0,62
2124,62,0,0,0,62
2126,62,0,0,0,62
2128,62,0,0,0,62
2130,62,0,0,0,62
2132,62,0,0,0,62
2134,62,0,0,0,62
2136,62,0,0,0,62
2138,62,0,0,0,62
2140,74,0,0,0,74
2142,74,0,0,0,74
2144,74,0,0,0,74
2146,74,0,0,0,74
2148,74,0,0,0,74
2150,74,0,0,0,74
2152,74,0,0,0,74
2154,74,0,0,0,74
2156,74,0,0,0,74
2158,74,0,0,0,74
2160,74,0,0,0,74
2162,74,0,0,0,74
2164,74,0,0,0,74
2166,74,0,0,0,74
2168,74,0,0,0,74
2170,74,0,0,0,74
2172,74,0,0,0,74
2174,74,0,0,0,74
2176,74,0,0,0,74
2178,74,0,0,0,74
2180,74,0,0,0,74
2182,74,0,0,0,74
2184,74,0,0,0,74
2186,74,0,0,0,74
2188,74,0,0,0,74
2190,74,0,0,0,74
2192,74,0,0,0,74
2194,74,0,0,0,74
2196,74,0,0,0,74
2198,74,0,0,0,74
2200,74,0,0,0,74
2202,74,0,0,0,74
2204,74,0,0,0,74
2206,74,0,0,0,74
2208,74,0,0,0,74
2210,74,0,0,0,74
2212,74,0,0,0,74
2214,74,0,0,0,74
2216,74,0,0,0,74
2218,74,0,0,0,74
2220,74,0,0,0,74
2222,74,0,0,0,74
2224,74,0,0,0,74
2226,74,0,0,0,74
2228,74,0,0,0,74
2230,74,0,0,0,74
2232,74,0,0,0,74
2234,74,0,0,0,74
2236,74,0,0,0,74
2238,74,0,14,0,74
2240,74,0,14,0,74
2242,74,0,14,0,74
2244,74,0,14,0,74
2246,74,0,2,0,74
2248,74,0,0,0,74
2250,74,0,0,0,74
2252,74,0,0,0,74
2254,74,0,0,0,74
2256,74,0,0,0,74
2258,74,0,0,0,74
2260,64,0,0,0,64
2262,64,0,0,0,64
2264,64,0,0,0,64
2266,64,0,0,0,64
2268,64,0,0,0,64
2270,64,0,0,0,64
2272,64,0,0,0,64
2274,64,0,0,0,64
2276,64,0,0,0,64
2278,64,0,0,0,64
2280,64,0,0,0,64
2282,64,0,0,0,64
2284,64,0,0,0,64
2286,64,0,0,0,64
2288,64,0,0,0,64
2290,64,0,0,0,64
2292,64,0,0,0,64
2294,64,0,0,0,64
2296,64,0,0,0,64
2298,64,0,0,0,64
2300,64,0,0,0,64
2302,64,0,0,0,64
2304,64,0,0,0,64
2306,64,0,0,0,64
2308,64,0,0,0,64
2310,64,0,0,0,64
2312,64,0,0,0,64
2314,58,0,0,0,58
2316,58,0,0,0,58
2318,58,0,0,0,58
2320,58,0,0,0,58
2322,58,0,0,0,58
2324,58,0,0,0,58
2326,58,0,0,0,58
2328,58,0,0,0,58
2330,58,0,0,0,58
2332,58,0,0,0,58
2334,58,0,0,0,58
2336,58,0,0,0,58
2338,58,0,0,0,58
2340,58,0,0,0,58
2342,58,0,0,0,58
2344,58,0,0,0,58
2346,58,0,0,0,58
2348,58,0,0,0,58
2350,62,0,0,0,62
2352,62,0,0,0,62
2354,62,0,0,0,62
2356,62,0,0,0,62
2358,62,0,0,0,62
2360,62,0,0,0,62
2362,62,0,0,0,62
2364,62,0,0,0,62
2366,62,0,0,0,62
2368,62,0,0,0,62
2370,62,0,0,0,62
2372,62,0,0,0,62
2374,62,0,0,0,62
2376,62,0,0,0,62
2378,62,0,0,0,62
2380,62,0,0,0,62
2382,62,0,0,0,62
2384,62,0,0,0,62
2386,62,0,0,0,62
2388,62,0,0,0,62
2390,62,0,0,0,62
2392,62,0,0,0,62
2394,62,0,0,0,62
2396,62,0,0,0,62
2398,62,0,0,0,62
2400,62,0,0,0,62
2402,62,0,0,0,62
2404,62,0,0,0,62
2406,62,0,0,0,62
2408,62,0,0,0,62
2410,62,0,0,0,62
2412,62,0,0,0,62
2414,62,0,0,0,62
2416,62,0,0,0,62
2418,62,0,0,0,62
2420,62,0,0,0,62
2422,62,0,0,0,62
2424,62,0,0,0,62
2426,62,0,0,0,62
2428,62,0,0,0,62
2430,62,0,0,0,62
2432,62,0,0,0,62
2434,62,0,0,0,62
2436,62,0,0,0,62
2438,62,0,0,0,62
2440,62,0,0,0,62
2442,62,0,0,0,62
2444,62,0,0,0,62
2446,62,0,0,0,62
2448,62,0,0,0,62
2450,62,0,0,0,62
2452,62,0,0,0,62
2454,62,0,0,0,62
2456,62,0,0,0,62
2458,62,0,0,0,62
2460,62,0,0,0,62
2462,62,0,0,0,62
2464,62,0,0,0,62
2466,62,0,0,0,62
2468,64,0,0,0,64
2470,64,0,0,0,64
2472,64,0,0,0,64
2474,64,0,0,0,64
2476,64,0,0,0,64
2478,64,0,0,0,64
2480,64,0,0,0,64
2482,64,0,0,0,64
2484,64,0,0,0,64
2486,64,0,0,0,64
2488,64,0,0,0,64
2490,64,0,0,0,64
2492,64,0,0,0,64
2494,64,0,0,0,64
2496,64,0,0,0,64
2498,64,0,0,0,64
2500,64,0,0,0,64
2502,64,0,0,0,64
2504,64,0,0,0,64
2506,64,0,0,0,64
2508,64,0,0,0,64
2510,64,0,0,0,64
2512,64,0,0,0,64
2514,64,0,0,0,64
2516,64,0,0,0,64
2518,64,0,0,0,64
2520,64,0,0,0,64
2522,64,0,0,0,64
2524,64,0,0,0,64
2526,64,0,0,0,64
2528,64,0,0,0,64
2530,64,0,0,0,64
2532,64,0,0,0,64
2534,64,0,0,0,64
2536,64,0,0,0,64
2538,64,0,0,0,64
2540,64,0,0,0,64
2542,64,0,0,0,64
2544,64,0,0,0,64
2546,64,0,0,0,64
2548,64,0,0,0,64
2550,64,0,0,0,64
2552,64,0,0,0,64
2554,64,0,0,0,64
2556,64,0,0,0,64
2558,64,0,0,0,64
2560,64,0,0,0,64
2562,64,0,0,0,64
2564,64,0,0,0,64
2566,64,0,0,0,64
2568,64,0,0,0,64
2570,64,0,0,8,64
2572,64,0,0,8,64
2574,64,0,0,8,64
2576,64,0,0,8,64
2578,64,0,0,8,64
2580,64,0,0,8,64
2582,64,0,0,8,64
2584,64,0,0,8,64
2586,64,0,0,8,64
2588,64,0,0,8,64
2590,64,0,0,8,64
2592,64,0,0,8,64
2594,64,0,0,8,64
2596,64,0,0,8,64
2598,64,0,0,8,64
2600,64,0,0,8,64
2602,64,0,0,8,64
2604,64,0,0,0,64
2606,64,0,0,0,64
2608,64,0,0,0,64
2610,64,0,0,0,64
2612,64,0,0,0,64
2614,64,0,0,0,64
2616,64,0,0,0,64
2618,64,0,0,0,64
2620,64,0,0,0,64
2622,64,0,0,0,64
2624,64,0,0,0,64
2626,64,0,0,0,64
2628,64,0,0,0,64
2630,58,0,0,0,58
2632,58,0,0,0,58
2634,58,0,0,0,58
2636,58,0,0,0,58
2638,58,0,0,0,58
2640,58,0,0,0,58
2642,58,0,0,0,58
2644,58,0,0,0,58
2646,58,0,0,0,58
2648,58,0,0,0,58
2650,58,0,0,0,58
2652,58,0,0,0,58
2654,58,0,0,0,58
2656,58,0,0,0,58
2658,58,0,0,0,58
2660,58,0,0,0,58
2662,58,0,0,0,58
2664,58,0,0,0,58
2666,58,0,0,0,58
2668,58,0,0,0,58
2670,58,0,0,0,58
2672,58,0,0,0,58
2674,58,0,0,0,58
2676,58,0,0,0,58
2678,58,0,0,0,58
2680,58,0,0,0,58
2682,58,0,0,0,58
2684,58,0,0,0,58
2686,58,0,0,0,58
2688,58,0,0,0,58
2690,58,0,0,0,58
2692,58,0,0,0,58
2694,58,0,0,0,58
2696,58,10,0,0,58
2698,58,10,0,0,58
2700,58,10,0,0,58
2702,58,10,0,0,58
2704,58,10,0,0,58
2706,58,10,0,0,58
2708,58,10,0,0,58
2710,58,10,0,0,58
2712,58,10,0,0,58
2714,58,10,0,0,58
2716,58,10,0,0,58
2718,58,10,0,0,58
2720,58,10,0,0,58
2722,58,10,0,0,58
2724,58,10,0,0,58
2726,58,10,0,0,58
2728,58,10,0,0,58
2730,58,10,0,0,58
2732,58,10,0,0,58
2734,58,10,0,0,58
2736,58,10,0,0,58
2738,58,10,0,0,58
2740,58,0,0,0,58
2742,58,0,0,0,58
2744,58,0,0,0,58
2746,58,0,0,0,58
2748,58,0,0,0,58
2750,58,0,0,0,58
2752,58,0,0,0,58
2754,58,0,0,0,58
2756,58,0,0,0,58
2758,58,0,0,0,58
2760,58,0,0,0,58
2762,58,0,0,0,58
2764,58,0,0,0,58
2766,58,0,0,0,58
2768,58,0,0,0,58
2770,58,0,0,0,58
2772,58,0,0,0,58
2774,58,0,0,0,58
2776,58,0,0,0,58
2778,58,0,0,0,58
2780,58,0,0,0,58
2782,58,0,0,0,58
2784,58,0,0,0,58
2786,58,0,0,0,58
2788,58,0,0,0,58
2790,58,0,0,0,58
2792,58,0,0,0,58
2794,58,0,0,0,58
2796,58,0,0,0,58
2798,58,2,0,0,58
2800,58,10,0,0,58
2802,58,10,0,0,58
2804,58,10,0,0,58
2806,58,10,0,0,58
2808,58,10,0,0,58
2810,58,10,0,0,58
2812,58,10,0,0,58
2814,58,10,0,0,58
2816,58,10,0,0,58
2818,58,10,0,0,58
2820,58,10,0,0,58
2822,58,0,0,0,58
2824,58,0,0,0,58
2826,58,0,0,0,58
2828,58,0,0,0,58
2830,58,0,0,0,58
2832,58,0,0,0,58
2834,58,4,0,0,58
2836,58,0,0,0,58
2838,58,0,0,0,58
2840,58,0,0,0,58
2842,58,0,0,0,58
2844,58,0,0,0,58
2846,58,0,0,0,58
2848,58,0,0,0,58
2850,58,0,0,0,58
2852,58,0,0,0,58
2854,58,0,0,0,58
2856,58,0,0,0,58
2858,58,0,0,0,58
2860,58,0,0,0,58
2862,58,0,0,0,58
2864,58,0,0,0,58
2866,58,0,0,0,58
2868,58,0,0,0,58
2870,58,0,0,0,58
2872,58,0,0,0,58
2874,58,0,0,0,58
2876,58,0,0,0,58
2878,58,0,0,0,58
2880,58,0,0,0,58
2882,58,0,0,0,58
2884,58,0,0,0,58
2886,58,0,0,0,58
2888,58,0,0,0,58
2890,58,0,0,0,58
2892,58,0,0,0,58
2894,58,0,0,0,58
2896,58,0,0,0,58
2898,58,0,0,0,58
2900,58,0,0,0,58
2902,58,0,0,0,58
2904,58,0,0,0,58
2906,58,0,0,0,58
2908,58,0,0,0,58
2910,58,0,0,0,58
2912,58,0,0,0,58
2914,58,0,0,0,58
2916,58,0,0,0,58
2918,58,0,0,0,58
2920,58,0,0,0,58
2922,58,0,0,0,58
2924,58,0,0,0,58
2926,58,0,0,0,58
2928,58,0,0,0,58
2930,58,0,0,0,58
2932,58,0,0,0,58
2934,58,0,0,0,58
2936,58,0,0,0,58
2938,58,0,0,0,58
2940,58,0,0,0,58
2942,58,0,0,0,58
2944,58,0,0,0,58
2946,58,0,0,0,58
2948,58,0,0,0,58
2950,58,0,0,0,58
2952,58,0,0,0,58
2954,58,0,0,0,58
2956,58,0,0,0,58
2958,58,0,0,0,58
2960,58,0,0,0,58
2962,58,0,0,0,58
2964,58,0,0,0,58
2966,58,0,0,0,58
2968,58,0,0,0,58
2970,58,0,0,0,58
2972,58,0,0,0,58
2974,58,0,0,0,58
2976,58,0,0,0,58
2978,58,0,0,0,58
2980,58,0,0,0,58
2982,58,0,0,0,58
2984,58,0,0,0,58
2986,58,0,0,0,58
2988,58,0,0,0,58
2990,58,0,0,0,58
2992,58,0,0,0,58
2994,58,0,0,0,58
2996,58,0,0,0,58
2998,58,0,0,0,58
3000,58,0,0,0,58
3002,58,0,0,0,58
3004,58,0,0,0,58
3006,58,0,0,0,58
3008,58,0,0,0,58
3010,58,0,0,0,58
3012,58,0,0,0,58
3014,62,0,0,0,62
3016,62,0,0,0,62
3018,62,0,0,0,62
3020,62,0,0,0,62
3022,62,0,0,0,62
3024,62,0,0,0,62
3026,62,0,0,0,62
3028,62,0,0,0,62
3030,62,0,0,0,62
3032,62,0,0,0,62
3034,62,0,0,0,62
3036,62,0,0,0,62
3038,62,0,0,0,62
3040,62,0,0,0,62
3042,62,0,0,0,62
3044,62,0,0,0,62
3046,62,0,0,0,62
3048,62,0,0,0,62
3050,62,0,0,0,62
3052,62,0,0,0,62
3054,62,0,0,0,62
3056,62,0,0,0,62
3058,62,0,0,8,62
3060,62,0,0,8,62
3062,62,0,0,2,62
3064,62,0,0,0,62
3066,62,0,0,0,62
3068,62,0,0,0,62
3070,62,0,0,0,62
3072,62,0,0,0,62
3074,62,0,0,0,62
3076,62,0,0,0,62
3078,62,0,0,0,62
3080,62,0,0,0,62
3082,62,0,0,0,62
3084,62,0,0,0,62
3086,62,0,0,0,62
3088,62,0,0,0,62
3090,62,0,0,0,62
3092,62,0,0,0,62
3094,62,0,0,0,62
3096,62,0,0,0,62
3098,62,0,0,0,62
3100,62,0,0,0,62
3102,62,0,0,0,62
3104,62,0,0,0,62
3106,62,0,0,0,62
3108,62,0,0,0,62
3110,62,0,0,0,62
3112,62,0,0,0,62
3114,62,0,0,0,62
3116,62,0,0,0,62
3118,62,0,0,0,62
3120,62,0,0,0,62
3122,62,0,0,0,62
3124,62,0,0,0,62
3126,62,0,0,0,62
3128,62,0,0,0,62
3130,62,0,0,0,62
3132,62,0,0,0,62
3134,62,0,0,0,62
3136,62,0,0,0,62
3138,62,0,0,0,62
3140,62,0,0,0,62
3142,62,0,0,0,62
3144,62,4,0,0,62
3146,62,8,0,0,62
3148,62,8,0,0,62
3150,62,8,0,0,62
3152,62,8,0,0,62
3154,62,8,0,0,62
3156,62,8,0,0,62
3158,62,8,0,0,62
3160,62,0,0,0,62
3162,62,0,0,0,62
3164,62,0,0,0,62
3166,62,0,0,0,62
3168,62,0,0,0,62
3170,62,0,0,0,62
3172,56,0,0,0,56
3174,56,0,0,0,56
3176,56,0,0,0,56
3178,56,0,0,0,56
3180,56,0,0,0,56
3182,56,0,0,0,56
3184,56,0,0,0,56
3186,56,0,0,0,56
3188,56,0,0,0,56
3190,56,0,0,0,56
3192,56,0,0,0,56
3194,56,0,0,0,56
3196,56,0,0,0,56
3198,56,0,0,0,56
3200,56,0,0,0,56
3202,56,0,0,0,56
3204,56,0,0,0,56
3206,56,0,0,0,56
3208,56,0,0,0,56
3210,56,0,0,0,56
3212,56,0,0,0,56
3214,56,0,0,0,56
3216,56,0,0,0,56
3218,56,0,0,0,56
3220,56,0,0,0,56
3222,56,0,0,0,56
3224,56,0,0,0,56
3226,56,0,0,0,56
3228,56,0,0,0,56
3230,52,0,0,0,52
3232,58,0,0,0,58
3234,58,0,0,0,58
3236,58,0,0,0,58
3238,58,0,0,0,58
3240,58,0,0,0,58
3242,58,0,0,0,58
3244,58,0,0,0,58
3246,58,0,0,0,58
3248,58,0,0,0,58
3250,58,0,0,0,58
3252,58,0,0,0,58
3254,58,0,0,0,58
3256,58,0,0,0,58
3258,58,0,0,0,58
3260,58,0,8,0,58
3262,58,0,18,0,58
3264,58,0,0,0,58
3266,58,0,0,0,58
3268,58,0,0,0,58
3270,58,0,0,0,58
3272,58,0,0,0,58
3274,58,0,0,0,58
3276,58,0,0,0,58
3278,58,0,0,0,58
3280,58,0,0,0,58
3282,58,0,0,0,58
3284,58,0,0,0,58
3286,58,0,0,0,58
3288,58,0,0,0,58
3290,58,0,0,0,58
3292,58,0,0,0,58
3294,58,0,0,0,58
3296,58,0,0,0,58
3298,58,0,0,0,58
3300,58,0,0,0,58
3302,58,0,0,0,58
3304,58,0,0,0,58
3306,58,0,0,0,58
3308,64,0,0,0,64
3310,64,0,0,0,64
3312,64,0,0,0,64
3314,64,0,0,0,64
3316,64,0,0,0,64
3318,64,0,0,0,64
3320,64,0,0,0,64
3322,64,0,0,0,64
3324,64,0,0,0,64
3326,64,0,0,0,64
3328,64,0,0,0,64
3330,64,0,0,0,64
3332,64,0,0,0,64
3334,64,0,0,0,64
3336,64,0,0,0,64
3338,64,0,0,0,64
3340,64,0,0,0,64
3342,64,0,0,0,64
3344,64,0,0,0,64
3346,64,0,0,0,64
3348,64,0,0,0,64
3350,64,0,0,0,64
3352,64,0,0,0,64
3354,58,0,0,0,58
3356,58,0,0,0,58
3358,58,0,0,0,58
3360,58,0,0,0,58
3362,58,0,0,0,58
3364,58,0,0,0,58
3366,58,0,0,0,58
3368,58,0,0,0,58
3370,58,0,0,0,58
3372,58,0,0,0,58
3374,58,0,0,0,58
3376,58,0,0,0,58
3378,58,0,0,0,58
3380,58,0,0,0,58
3382,58,0,0,0,58
3384,58,0,0,0,58
3386,58,0,0,0,58
3388,58,0,0,0,58
3390,58,0,0,0,58
3392,58,0,0,0,58
3394,58,0,0,0,58
3396,58,0,0,0,58
3398,58,0,0,0,58
3400,58,0,0,0,58
3402,58,0,0,0,58
3404,58,0,0,0,58
3406,58,0,0,0,58
3408,58,0,0,0,58
3410,58,0,0,0,58
3412,58,0,0,0,58
3414,58,0,0,0,58
3416,58,0,0,0,58
3418,58,0,10,0,58
3420,58,0,14,0,58
3422,58,0,32,0,58
3424,58,0,0,0,58
3426,58,0,0,0,58
3428,58,0,0,0,58
3430,58,0,0,0,58
3432,58,0,0,0,58
3434,58,0,0,0,58
3436,58,0,0,0,58
3438,58,0,0,0,58
3440,58,0,0,0,58
3442,58,0,0,0,58
3444,58,0,0,0,58
3446,58,0,0,0,58
3448,58,0,0,0,58
3450,58,0,0,0,58
3452,58,0,0,0,58
3454,58,0,0,0,58
3456,58,0,0,0,58
3458,58,0,0,0,58
3460,58,0,0,0,58
3462,58,0,0,0,58
3464,58,0,0,0,58
3466,58,0,0,0,58
3468,58,0,0,0,58
3470,58,0,0,0,58
3472,58,0,0,0,58
3474,58,0,0,0,58
3476,58,0,0,0,58
3478,58,0,0,0,58
3480,58,0,0,0,58
3482,58,0,0,0,58
3484,58,0,0,0,58
3486,58,0,0,0,58
3488,58,0,0,0,58
3490,58,0,0,0,58
3492,58,0,0,0,58
3494,58,0,0,0,58
3496,58,0,0,0,58
3498,58,0,0,0,58
3500,58,0,0,0,58
3502,58,0,0,0,58
3504,58,0,0,0,58
3506,64,0,0,0,64
3508,64,0,0,0,64
3510,64,0,0,0,64
3512,64,0,0,0,64
3514,64,0,0,0,64
3516,64,0,0,0,64
3518,64,0,0,0,64
3520,64,0,0,0,64
3522,64,0,0,0,64
3524,64,0,0,0,64
3526,64,0,0,0,64
3528,64,0,0,0,64
3530,64,0,0,0,64
3532,64,0,0,0,64
3534,64,0,0,0,64
3536,64,0,0,0,64
3538,64,0,0,0,64
3540,64,0,0,0,64
3542,64,0,0,0,64
3544,64,0,0,0,64
3546,64,0,0,0,64
3548,64,0,0,0,64
3550,64,0,0,0,64
3552,64,0,0,0,64
3554,64,0,0,0,64
3556,64,0,0,0,64
3558,64,0,0,0,64
3560,64,0,0,0,64
3562,64,0,0,0,64
3564,64,0,0,0,64
3566,64,0,0,0,64
3568,64,0,0,0,64
3570,64,0,0,0,64
3572,64,0,0,0,64
3574,64,0,0,0,64
3576,64,0,0,0,64
3578,64,0,0,0,64
3580,64,0,0,0,64
3582,64,0,0,0,64
3584,64,0,0,0,64
3586,64,0,0,0,64
3588,64,0,0,0,64
3590,64,0,0,0,64
3592,64,0,0,0,64
3594,64,0,0,0,64
3596,64,0,0,0,64
3598,64,0,0,0,64
3600,64,0,0,0,64
3602,64,0,0,0,64
3604,64,0,0,0,64
3606,64,0,0,0,64
3608,64,0,0,0,64
3610,64,0,0,0,64
3612,64,0,0,0,64
3614,64,0,0,0,64
3616,64,0,0,0,64
3618,64,0,0,0,64
3620,64,0,0,0,64
3622,64,0,0,0,64
3624,64,0,0,0,64
3626,64,0,0,0,64
3628,68,0,0,0,68
3630,68,0,0,0,68
3632,68,0,0,0,68
3634,68,0,0,0,68
3636,68,0,0,0,68
3638,68,0,0,0,68
3640,68,0,0,0,68
3642,68,0,0,0,68
3644,68,0,0,0,68
3646,68,0,0,0,68
3648,68,0,0,0,68
3650,68,0,0,0,68
3652,68,0,0,0,68
3654,68,0,0,0,68
3656,68,0,0,0,68
3658,68,0,0,0,68
3660,68,0,0,0,68
3662,68,0,0,0,68
3664,68,0,0,0,68
3666,68,0,0,0,68
3668,68,0,0,0,68
3670,68,0,0,0,68
3672,68,0,0,0,68
3674,68,0,0,0,68
3676,68,0,0,0,68
3678,68,0,0,0,68
3680,68,0,0,0,68
3682,68,0,0,0,68
3684,68,0,0,0,68
3686,68,0,0,0,68
3688,68,0,0,0,68
3690,68,0,0,0,68
3692,68,0,0,0,68
3694,68,0,0,0,68
3696,68,0,0,0,68
3698,68,0,0,0,68
3700,68,0,0,0,68
3702,68,0,0,0,68
3704,68,0,0,0,68
3706,68,0,0,0,68
3708,68,0,0,0,68
3710,68,0,0,0,68
3712,68,0,0,0,68
3714,68,0,0,0,68
3716,68,0,0,0,68
3718,76,0,0,0,76
3720,76,0,0,0,76
3722,76,0,0,0,76
3724,76,0,0,0,76
3726,76,0,0,0,76
3728,76,0,0,0,76
3730,76,0,0,0,76
3732,76,0,0,0,76
3734,76,0,0,0,76
3736,76,0,0,0,76
3738,76,0,0,0,76
3740,76,0,0,0,76
3742,76,0,0,0,76
3744,76,0,0,0,76
3746,76,0,0,0,76
3748,76,0,0,0,76
3750,76,0,0,0,76
3752,76,0,0,0,76
3754,76,0,0,0,76
3756,76,0,0,0,76
3758,76,0,0,0,76
3760,76,0,0,0,76
3762,76,0,0,0,76
3764,76,0,0,0,76
3766,76,0,0,0,76
3768,76,0,0,0,76
3770,76,0,0,0,76
3772,76,0,0,0,76
3774,76,0,0,0,76
3776,76,0,0,0,76
3778,76,0,0,0,76
3780,76,0,0,0,76
3782,76,0,0,0,76
3784,76,0,0,0,76
3786,76,0,0,0,76
3788,76,0,0,0,76
3790,76,0,0,0,76
3792,76,0,0,0,76
3794,76,0,0,0,76
3796,76,0,0,0,76
3798,76,0,0,0,76
3800,76,0,0,0,76
3802,76,0,0,0,76
3804,76,0,0,0,76
3806,76,0,0,0,76
3808,76,0,0,0,76
3810,76,0,0,0,76
3812,76,0,0,0,76
3814,76,0,0,0,76
3816,76,0,0,0,76
3818,76,0,0,0,76
3820,76,0,0,0,76
3822,76,0,0,0,76
3824,76,0,0,0,76
3826,76,0,0,0,76
3828,76,0,0,0,76
3830,76,0,0,0,76
3832,76,0,0,0,76
3834,76,12,0,0,76
3836,76,20,0,0,76
3838,76,20,0,0,76
3840,76,20,0,0,76
3842,76,20,0,0,76
3844,76,0,0,0,76
3846,76,0,0,0,76
3848,76,0,0,0,76
3850,76,0,0,0,76
3852,76,0,0,0,76
3854,76,0,0,0,76
3856,76,0,0,0,76
3858,76,0,0,0,76
3860,76,0,0,0,76
3862,76,0,0,0,76
3864,76,0,0,0,76
3866,76,0,0,0,76
3868,76,0,0,0,76
3870,76,0,0,0,76
3872,76,0,0,0,76
3874,76,0,0,0,76
3876,76,0,0,0,76
3878,76,0,0,0,76
3880,76,0,0,0,76
3882,76,0,0,0,76
3884,76,0,0,0,76
3886,76,0,0,0,76
3888,76,0,0,0,76
3890,76,0,0,0,76
3892,76,0,0,0,76
3894,76,0,0,0,76
3896,76,0,0,0,76
3898,76,0,0,0,76
3900,76,0,0,0,76
3902,76,0,0,0,76
3904,76,0,0,0,76
3906,76,0,0,0,76
3908,76,0,0,0,76
3910,76,0,0,0,76
3912,76,0,0,0,76
3914,76,0,0,0,76
3916,76,0,0,0,76
3918,76,0,0,0,76
3920,76,0,0,0,76
3922,76,0,0,0,76
3924,76,0,0,0,76
3926,76,0,0,0,76
3928,76,0,0,0,76
3930,76,0,0,0,76
3932,76,0,0,0,76
3934,76,0,0,0,76
3936,76,0,0,0,76
3938,76,0,0,0,76
3940,76,0,0,0,76
3942,76,0,0,0,76
3944,76,0,0,0,76
3946,76,0,0,0,76
3948,76,0,0,0,76
3950,76,0,0,0,76
3952,76,0,0,0,76
3954,76,0,0,0,76
3956,76,0,0,0,76
3958,76,0,0,0,76
3960,76,0,0,0,76
3962,76,0,0,0,76
3964,76,0,0,0,76
3966,76,0,0,0,76
3968,76,0,0,0,76
3970,76,0,0,0,76
3972,76,0,0,0,76
3974,76,0,0,0,76
3976,76,0,0,0,76
3978,76,0,0,0,76
3980,76,0,0,0,76
3982,76,0,0,0,76
3984,76,0,0,0,76
3986,76,0,0,0,76
3988,76,0,0,0,76
3990,76,0,0,0,76
3992,76,0,0,0,76
3994,76,0,0,0,76
3996,76,0,0,0,76
3998,76,0,0,0,76
4000,76,12,0,0,76
4002,76,12,0,0,76
4004,76,12,0,0,76
4006,76,12,0,0,76
4008,76,12,0,0,76
4010,76,12,0,0,76
4012,76,12,0,0,76
4014,76,12,0,0,76
4016,76,12,0,0,76
4018,76,12,0,8,76
4020,76,12,0,8,76
4022,76,12,0,8,76
4024,76,12,0,8,76
4026,76,12,0,8,76
4028,76,12,0,8,76
4030,76,12,0,8,76
4032,76,38,0,8,76
4034,76,38,0,8,76
4036,76,38,0,8,76
4038,76,38,0,8,76
4040,76,38,0,8,76
4042,76,38,0,8,76
4044,76,38,0,8,76
4046,76,38,0,8,76
4048,76,38,0,8,76
4050,76,38,0,8,76
4052,76,38,0,8,76
4054,76,38,0,8,76
4056,76,38,0,8,76
4058,76,38,0,8,76
4060,76,38,0,8,76
4062,76,38,0,8,76
4064,76,38,0,8,76
4066,76,38,0,8,76
4068,76,38,0,8,76
4070,76,38,0,8,76
4072,76,38,0,8,76
4074,76,38,0,8,76
4076,76,38,0,8,76
4078,76,38,0,8,76
4080,76,38,0,8,76
4082,76,38,0,8,76
4084,76,38,0,8,76
4086,76,38,0,8,76
4088,76,38,0,8,76
4090,76,38,0,8,76
4092,76,38,0,8,76
4094,76,38,0,8,76
4096,76,38,0,8,76
4098,76,38,0,8,76
4100,76,38,0,8,76
4102,76,38,0,8,76
4104,76,4,0,8,76
4106,76,8,0,0,76
4108,76,8,0,0,76
4110,76,8,0,0,76
4112,76,8,0,0,76
4114,76,0,0,0,76
4116,76,0,0,0,76
4118,76,0,0,0,76
4120,76,0,0,0,76
4122,76,0,0,0,76
4124,76,0,0,0,76
4126,76,0,0,0,76
4128,76,0,0,0,76
4130,76,0,0,0,76
4132,76,0,0,0,76
4134,76,0,0,0,76
4136,76,0,0,0,76
4138,76,0,0,0,76
4140,76,0,0,0,76
4142,76,0,0,0,76
4144,70,0,0,0,70
4146,70,0,0,0,70
4148,70,0,0,0,70
4150,70,0,0,0,70
4152,70,0,0,0,70
4154,70,0,0,0,70
4156,70,0,0,0,70
4158,70,0,0,0,70
4160,70,0,0,0,70
4162,70,0,0,12,70
4164,70,0,0,12,70
4166,70,8,0,12,70
4168,70,0,0,12,70
4170,70,0,0,12,70
4172,70,0,0,12,70
4174,70,0,0,12,70
4176,70,0,0,12,70
4178,70,0,0,12,70
4180,70,0,0,12,70
4182,70,0,0,12,70
4184,70,0,0,12,70
4186,70,0,0,12,70
4188,70,0,0,12,70
4190,70,0,0,12,70
4192,70,0,0,12,70
4194,70,0,0,12,70
4196,70,0,0,12,70
4198,70,0,0,20,70
4200,70,0,0,20,70
4202,70,0,0,20,70
4204,70,0,0,12,70
4206,70,0,0,12,70
4208,70,0,0,12,70
4210,70,0,0,12,70
4212,70,0,0,12,70
4214,70,0,0,12,70
4216,70,0,0,10,70
4218,70,0,0,10,70
4220,70,0,0,10,70
4222,70,0,0,10,70
4224,70,0,0,10,70
4226,70,0,0,10,70
4228,70,0,0,10,70
4230,70,0,0,10,70
4232,70,0,0,10,70
4234,70,0,0,10,70
4236,70,0,0,10,70
4238,70,0,0,6,70
4240,70,0,0,0,70
4242,70,0,0,0,70
4244,70,0,0,0,70
4246,70,0,0,0,70
4248,70,0,0,0,70
4250,70,0,0,0,70
4252,70,0,0,0,70
4254,70,0,0,0,70
4256,70,0,0,0,70
4258,70,0,0,0,70
4260,70,0,0,0,70
4262,70,0,0,0,70
4264,70,0,0,0,70
4266,70,0,0,0,70
4268,70,0,0,0,70
4270,70,0,0,0,70
4272,70,0,0,0,70
4274,70,0,0,0,70
4276,70,0,0,0,70
4278,70,0,0,8,70
4280,70,0,0,8,70
4282,70,0,0,8,70
4284,70,0,0,8,70
4286,70,0,0,8,70
4288,70,0,0,8,70
4290,70,0,0,8,70
4292,70,0,0,8,70
4294,70,0,0,8,70
4296,70,0,0,8,70
4298,70,0,0,8,70
4300,70,0,0,8,70
4302,70,0,0,24,70
4304,58,0,0,24,58
4306,58,0,0,24,58
4308,58,0,0,24,58
4310,58,0,0,24,58
4312,58,0,0,24,58
4314,58,0,0,24,58
4316,58,0,0,24,58
4318,58,0,0,24,58
4320,58,0,0,24,58
4322,58,0,0,24,58
4324,58,0,0,30,58
4326,58,0,0,30,58
4328,58,0,0,30,58
4330,58,0,0,30,58
4332,58,0,0,30,58
4334,58,0,0,30,58
4336,58,0,0,30,58
4338,58,0,0,30,58
4340,58,0,0,30,58
4342,58,0,0,30,58
4344,58,0,0,30,58
4346,58,0,0,30,58
4348,58,0,0,30,58
4350,58,0,0,14,58
4352,58,0,0,10,58
4354,58,0,0,10,58
4356,58,0,0,10,58
4358,58,0,0,10,58
4360,58,0,0,10,58
4362,58,0,0,10,58
4364,58,0,0,10,58
4366,58,0,0,10,58
4368,58,0,0,10,58
4370,58,0,0,10,58
4372,58,0,0,10,58
4374,58,0,0,2,58
4376,58,0,0,2,58
4378,58,0,0,2,58
4380,58,0,0,2,58
4382,58,0,0,2,58
4384,58,0,0,2,58
4386,58,0,0,2,58
4388,58,0,0,2,58
4390,48,0,0,2,48
4392,48,0,0,2,48
4394,48,0,0,2,48
4396,48,0,0,2,48
4398,48,0,0,2,48
4400,48,0,0,2,48
4402,48,0,0,2,48
4404,48,0,0,2,48
4406,48,0,0,2,48
4408,48,0,0,2,48
4410,48,0,0,2,48
4412,48,0,0,2,48
4414,48,0,0,2,48
4416,48,0,0,2,48
4418,48,0,0,2,48
4420,48,0,0,2,48
4422,48,0,0,2,48
4424,48,0,0,2,48
4426,48,0,0,2,48
4428,48,0,0,2,48
4430,48,0,0,2,48
4432,48,0,0,2,48
4434,48,0,0,2,48
4436,48,0,0,2,48
4438,48,0,0,2,48
4440,48,0,0,2,48
4442,48,0,0,2,48
4444,48,0,0,2,48
4446,48,0,0,2,48
4448,48,0,0,2,48
4450,48,0,0,16,48
4452,36,0,0,16,36
4454,36,0,0,16,36
4456,36,0,0,16,36
4458,36,0,0,16,36
4460,36,0,0,16,36
4462,18,0,0,46,18
4464,20,0,0,46,20
4466,20,0,0,46,20
4468,20,0,0,46,20
4470,20,0,0,46,20
4472,20,0,0,46,20
4474,20,0,0,46,20
4476,20,0,0,46,20
4478,20,0,0,46,20
4480,20,0,0,46,20
4482,20,0,0,46,20
4484,20,0,0,46,20
4486,0,0,0,0,0
4488,0,0,0,0,0