Time,Interest,Cliche
0,2,2
2,2,2
4,2,2
6,8,2
8,4,2
10,4,2
12,4,2
14,4,2
16,4,2
18,4,2
20,4,2
22,4,2
24,4,2
26,14,2
28,14,2
30,14,2
32,14,2
34,8,2
36,4,2
38,10,2
40,12,2
42,12,2
44,12,2
46,12,2
48,32,2
50,46,2
52,50,2
54,50,2
56,46,2
58,44,2
60,32,2
62,32,2
64,32,2
66,34,2
68,34,2
70,34,2
72,34,2
74,30,2
76,20,2
78,20,2
80,20,2
82,18,2
84,16,2
86,16,2
88,16,2
90,16,2
92,16,2
94,14,2
96,12,2
98,12,2
100,12,2
102,12,2
104,12,2
106,12,2
108,12,2
110,12,2
112,20,2
114,20,2
116,20,2
118,20,2
120,20,2
122,26,2
124,26,2
126,26,2
128,26,2
130,24,2
132,22,2
134,22,2
136,22,2
138,34,2
140,46,2
142,46,2
144,46,2
146,54,2
148,54,2
150,56,2
152,56,2
154,56,2
156,56,2
158,56,2
160,56,2
162,54,2
164,46,2
166,46,2
168,46,2
170,46,2
172,46,2
174,46,2
176,46,2
178,56,2
180,74,2
182,36,2
184,38,2
186,38,2
188,38,2
190,38,2
192,38,2
194,38,2
196,38,2
198,38,2
200,38,2
202,38,2
204,38,2
206,38,2
208,38,2
210,38,2
212,38,14
214,38,26
216,38,32
218,38,32
220,28,32
222,28,32
224,28,54
226,28,64
228,28,64
230,28,52
232,28,50
234,28,40
236,28,44
238,28,44
240,28,44
242,28,68
244,28,68
246,28,68
248,28,56
250,28,44
252,28,24
254,28,24
256,28,24
258,28,24
260,28,34
262,42,34
264,42,34
266,42,34
268,42,34
270,42,34
272,42,34
274,42,34
276,42,34
278,42,16
280,42,16
282,42,16
284,42,50
286,42,16
288,42,16
290,42,16
292,42,16
294,54,16
296,54,12
298,54,2
300,28,2
302,28,2
304,28,2
306,28,2
308,16,2
310,16,2
312,16,2
314,16,10
316,16,10
318,16,14
320,16,4
322,16,4
324,16,4
326,30,4
328,30,4
330,30,4
332,28,4
334,28,2
336,28,2
338,28,2
340,28,2
342,28,2
344,28,2
346,34,2
348,34,2
350,48,2
352,48,2
354,48,2
356,48,2
358,48,2
360,48,2
362,48,2
364,60,2
366,64,2
368,64,2
370,64,2
372,64,2
374,60,2
376,52,2
378,52,2
380,52,2
382,52,2
384,52,2
386,52,2
388,52,2
390,52,2
392,52,2
394,52,2
396,46,2
398,44,2
400,44,2
402,44,2
404,44,2
406,44,2
408,36,2
410,32,2
412,32,2
414,32,2
416,32,2
418,34,2
420,46,2
422,44,2
424,44,2
426,44,2
428,44,2
430,44,2
432,44,2
434,44,2
436,44,2
438,44,2
440,44,2
442,44,2
444,44,2
446,44,2
448,44,2
450,44,2
452,44,2
454,44,2
456,44,2
458,44,2
460,44,2
462,44,2
464,44,2
466,44,2
468,44,2
470,44,2
472,44,2
474,52,2
476,52,2
478,52,2
480,34,2
482,28,2
484,28,2
486,28,2
488,28,2
490,28,2
492,28,2
494,28,2
496,28,12
498,28,12
500,28,2
502,28,2
504,28,2
506,28,2
508,28,2
510,28,2
512,28,2
514,28,2
516,28,2
518,28,2
520,28,2
522,28,2
524,28,2
526,28,2
528,28,2
530,28,2
532,28,2
534,16,2
536,24,2
538,24,2
540,24,2
542,24,2
544,24,2
546,24,2
548,24,2
550,24,2
552,24,2
554,24,2
556,24,2
558,24,2
560,24,2
562,24,2
564,24,2
566,24,2
568,24,2
570,24,2
572,24,2
574,24,2
576,24,2
578,34,2
580,36,2
582,36,2
584,36,2
586,36,2
588,36,2
590,36,2
592,36,2
594,36,2
596,48,2
598,48,2
600,48,2
602,48,2
604,54,2
606,66,2
608,68,2
610,68,2
612,56,2
614,60,2
616,60,2
618,60,2
620,60,2
622,60,2
624,60,2
626,60,2
628,60,2
630,60,2
632,60,2
634,60,2
636,60,2
638,60,2
640,60,2
642,60,2
644,60,2
646,60,2
648,60,4
650,60,14
652,60,14
654,60,22
656,60,22
658,60,22
660,60,20
662,60,18
664,60,16
666,60,14
668,60,2
670,60,2
672,60,2
674,44,2
676,44,2
678,44,2
680,40,6
682,40,6
684,40,6
686,40,6
688,40,4
690,40,2
692,40,2
694,40,2
696,40,2
698,40,2
700,40,2
702,40,2
704,40,2
706,40,2
708,40,2
710,36,2
712,36,2
714,36,2
716,36,2
718,36,2
720,36,2
722,36,2
724,36,2
726,22,2
728,22,2
730,22,2
732,22,2
734,22,2
736,22,2
738,22,2
740,22,2
742,22,2
744,22,2
746,22,2
748,22,2
750,22,2
752,22,2
754,22,2
756,22,2
758,22,2
760,22,2
762,22,2
764,22,2
766,22,2
768,22,2
770,22,2
772,22,2
774,22,2
776,22,2
778,22,2
780,22,2
782,30,2
784,30,2
786,30,2
788,30,2
790,30,2
792,30,2
794,30,2
796,30,2
798,30,2
800,32,2
802,36,2
804,36,2
806,36,2
808,36,2
810,46,2
812,46,2
814,46,2
816,38,2
818,16,2
820,16,2
822,16,2
824,22,2
826,22,2
828,22,2
830,22,2
832,22,2
834,22,2
836,22,2
838,22,2
840,22,2
842,22,2
844,22,2
846,22,2
848,22,2
850,22,2
852,22,2
854,22,2
856,22,2
858,22,2
860,22,2
862,22,2
864,22,2
866,22,14
868,22,14
870,22,2
872,22,2
874,22,2
876,22,2
878,22,2
880,26,2
882,26,2
884,26,2
886,26,2
888,26,2
890,26,2
892,26,2
894,26,2
896,26,2
898,26,2
900,26,2
902,26,2
904,26,2
906,26,2
908,26,2
910,26,2
912,26,2
914,20,2
916,20,2
918,20,2
920,20,2
922,20,2
924,20,2
926,20,2
928,20,2
930,20,2
932,34,2
934,20,2
936,20,2
938,20,2
940,20,2
942,20,2
944,20,2
946,20,2
948,20,2
950,52,2
952,52,2
954,56,2
956,56,8
958,56,8
960,56,8
962,56,8
964,56,8
966,56,2
968,56,2
970,56,20
972,56,20
974,56,20
976,56,20
978,56,20
980,56,2
982,56,2
984,56,2
986,56,2
988,56,2
990,56,2
992,56,2
994,56,2
996,56,2
998,56,2
1000,56,2
1002,56,2
1004,56,2
1006,56,2
1008,56,2
1010,56,2
1012,56,2
1014,56,2
1016,56,2
1018,56,2
1020,56,2
1022,64,2
1024,64,2
1026,64,2
1028,64,2
1030,64,2
1032,46,2
1034,46,2
1036,46,2
1038,46,2
1040,46,2
1042,46,2
1044,46,2
1046,46,2
1048,50,2
1050,50,2
1052,50,2
1054,34,2
1056,34,2
1058,34,2
1060,40,2
1062,50,2
1064,50,2
1066,50,2
1068,50,2
1070,50,2
1072,50,2
1074,50,2
1076,50,2
1078,50,2
1080,50,2
1082,50,2
1084,50,2
1086,50,2
1088,50,2
1090,50,10
1092,50,10
1094,50,2
1096,50,2
1098,38,2
1100,38,2
1102,38,2
1104,38,2
1106,38,2
1108,38,2
1110,38,2
1112,38,2
1114,38,2
1116,38,2
1118,38,2
1120,38,2
1122,38,2
1124,38,2
1126,38,2
1128,26,2
1130,26,2
1132,26,2
1134,26,2
1136,26,2
1138,26,2
1140,26,2
1142,22,2
1144,22,2
1146,22,2
1148,28,2
1150,28,2
1152,28,2
1154,28,2
1156,28,2
1158,28,2
1160,28,2
1162,28,2
1164,28,2
1166,28,2
1168,28,2
1170,28,2
1172,28,2
1174,28,2
1176,28,2
1178,38,2
1180,38,2
1182,38,2
1184,38,2
1186,38,2
1188,46,2
1190,56,2
1192,56,2
1194,56,2
1196,56,2
1198,60,2
1200,60,2
1202,60,2
1204,60,2
1206,60,2
1208,60,2
1210,60,2
1212,60,2
1214,60,2
1216,60,2
1218,60,2
1220,60,2
1222,60,2
1224,60,2
1226,60,2
1228,60,2
1230,60,2
1232,60,2
1234,60,2
1236,60,2
1238,60,2
1240,60,2
1242,60,2
1244,60,2
1246,60,2
1248,60,2
1250,60,22
1252,60,2
1254,60,2
1256,60,2
1258,60,2
1260,60,2
1262,50,2
1264,50,2
1266,42,2
1268,42,2
1270,42,2
1272,42,2
1274,42,2
1276,42,2
1278,42,2
1280,42,2
1282,42,2
1284,42,2
1286,42,2
1288,42,2
1290,42,2
1292,42,2
1294,42,2
1296,42,2
1298,42,2
1300,42,2
1302,42,2
1304,42,2
1306,42,2
1308,42,2
1310,42,2
1312,42,2
1314,42,2
1316,42,2
1318,42,2
1320,42,2
1322,42,2
1324,42,2
1326,42,2
1328,42,2
1330,42,2
1332,50,2
1334,56,2
1336,60,2
1338,60,2
1340,60,2
1342,60,2
1344,62,2
1346,64,2
1348,64,2
1350,52,2
1352,34,2
1354,34,2
1356,34,2
1358,34,2
1360,34,2
1362,34,2
1364,34,2
1366,34,2
1368,34,2
1370,34,2
1372,34,2
1374,34,2
1376,34,2
1378,34,2
1380,34,2
1382,34,2
1384,34,2
1386,34,2
1388,34,2
1390,34,2
1392,34,2
1394,34,2
1396,34,2
1398,34,2
1400,34,2
1402,34,2
1404,34,2
1406,34,2
1408,34,2
1410,34,2
1412,34,2
1414,34,2
1416,34,2
1418,20,2
1420,20,2
1422,20,2
1424,20,2
1426,20,2
1428,20,2
1430,20,2
1432,20,2
1434,20,2
1436,20,2
1438,20,2
1440,20,2
1442,20,2
1444,20,2
1446,20,2
1448,20,2
1450,20,2
1452,20,2
1454,20,2
1456,20,2
1458,20,2
1460,20,2
1462,20,2
1464,20,2
1466,20,2
1468,20,2
1470,20,2
1472,20,2
1474,20,2
1476,20,2
1478,20,2
1480,28,2
1482,28,2
1484,24,2
1486,22,2
1488,22,2
1490,22,2
1492,22,2
1494,22,2
1496,22,2
1498,22,2
1500,22,2
1502,22,2
1504,22,2
1506,22,2
1508,22,2
1510,18,2
1512,18,2
1514,18,2
1516,18,2
1518,18,2
1520,18,2
1522,18,2
1524,18,2
1526,18,2
1528,18,2
1530,18,2
1532,18,2
1534,18,2
1536,18,2
1538,18,2
1540,18,2
1542,18,2
1544,18,2
1546,18,2
1548,18,2
1550,18,2
1552,18,2
1554,18,2
1556,18,2
1558,18,2
1560,18,2
1562,18,2
1564,18,2
1566,18,2
1568,18,2
1570,18,2
1572,18,2
1574,18,2
1576,18,2
1578,18,2
1580,18,2
1582,18,2
1584,18,2
1586,18,2
1588,18,2
1590,18,2
1592,18,2
1594,18,2
1596,18,2
1598,18,2
1600,18,2
1602,18,2
1604,18,2
1606,18,2
1608,18,2
1610,18,2
1612,18,2
1614,18,2
1616,18,2
1618,18,2
1620,18,2
1622,18,2
1624,18,2
1626,18,2
1628,18,2
1630,18,2
1632,18,2
1634,18,2
1636,18,2
1638,18,2
1640,18,2
1642,18,12
1644,18,12
1646,18,12
1648,18,12
1650,18,12
1652,18,2
1654,18,2
1656,18,2
1658,18,2
1660,18,2
1662,18,2
1664,18,2
1666,18,2
1668,18,2
1670,18,2
1672,18,2
1674,18,2
1676,18,2
1678,18,2
1680,18,2
1682,18,2
1684,18,2
1686,18,2
1688,18,2
1690,18,2
1692,18,2
1694,18,2
1696,18,2
1698,18,2
1700,18,2
1702,18,2
1704,18,2
1706,18,2
1708,18,2
1710,18,2
1712,18,2
1714,18,2
1716,18,2
1718,18,2
1720,18,2
1722,18,2
1724,18,2
1726,18,2
1728,18,2
1730,18,2
1732,18,2
1734,18,2
1736,18,2
1738,18,2
1740,18,2
1742,18,2
1744,18,2
1746,18,2
1748,18,2
1750,18,2
1752,18,2
1754,18,2
1756,18,2
1758,18,2
1760,18,2
1762,18,2
1764,18,2
1766,18,2
1768,18,2
1770,18,2
1772,18,2
1774,18,2
1776,18,2
1778,18,2
1780,18,2
1782,18,2
1784,18,2
1786,18,2
1788,18,2
1790,18,2
1792,18,2
1794,18,2
1796,18,2
1798,18,2
1800,18,2
1802,18,2
1804,18,2
1806,28,2
1808,28,2
1810,28,2
1812,28,2
1814,28,18
1816,28,18
1818,28,18
1820,28,2
1822,28,2
1824,28,2
1826,28,2
1828,28,2
1830,28,2
1832,28,2
1834,28,2
1836,28,2
1838,28,2
1840,34,2
1842,34,2
1844,34,2
1846,34,2
1848,34,2
1850,34,2
1852,34,2
1854,34,2
1856,34,2
1858,34,2
1860,34,2
1862,34,2
1864,34,2
1866,34,2
1868,34,2
1870,34,2
1872,34,2
1874,34,2
1876,34,2
1878,34,2
1880,34,2
1882,34,2
1884,34,2
1886,34,2
1888,34,2
1890,34,2
1892,34,2
1894,34,2
1896,34,2
1898,34,2
1900,34,2
1902,34,2
1904,34,2
1906,34,2
1908,34,2
1910,34,2
1912,18,2
1914,16,2
1916,12,2
1918,12,2
1920,12,2
1922,12,2
1924,12,2
1926,12,2
1928,12,2
1930,12,2
1932,12,2
1934,12,2
1936,12,2
1938,12,2
1940,12,2
1942,20,2
1944,20,2
1946,20,2
1948,20,2
1950,20,2
1952,20,2
1954,20,2
1956,20,2
1958,20,2
1960,20,2
1962,20,2
1964,20,2
1966,20,2
1968,20,2
1970,20,2
1972,20,2
1974,20,2
1976,20,2
1978,20,2
1980,28,2
1982,28,2
1984,28,2
1986,28,2
1988,28,2
1990,28,2
1992,28,2
1994,28,2
1996,28,2
1998,28,2
2000,28,2
2002,28,2
2004,28,2
2006,28,2
2008,28,2
2010,28,2
2012,28,2
2014,28,2
2016,28,2
2018,28,2
2020,28,2
2022,28,2
2024,28,2
2026,28,2
2028,28,2
2030,28,2
2032,28,2
2034,28,2
2036,28,2
2038,28,2
2040,28,2
2042,28,2
2044,28,2
2046,28,2
2048,28,2
2050,28,2
2052,28,2
2054,28,2
2056,28,2
2058,28,2
2060,28,2
2062,28,2
2064,28,2
2066,28,2
2068,36,2
2070,36,2
2072,36,2
2074,36,2
2076,36,2
2078,36,2
2080,36,2
2082,20,2
2084,20,12
2086,20,12
2088,20,12
2090,20,2
2092,20,2
2094,20,2
2096,20,2
2098,20,2
2100,20,2
2102,20,2
2104,20,2
2106,20,2
2108,20,2
2110,20,2
2112,20,2
2114,20,2
2116,20,2
2118,20,2
2120,20,2
2122,20,2
2124,20,2
2126,20,2
2128,20,2
2130,20,2
2132,20,2
2134,20,2
2136,20,2
2138,20,2
2140,18,2
2142,18,2
2144,18,2
2146,18,2
2148,18,2
2150,18,2
2152,18,2
2154,18,2
2156,18,2
2158,18,2
2160,18,2
2162,18,2
2164,18,2
2166,18,2
2168,18,2
2170,18,2
2172,18,2
2174,18,2
2176,18,2
2178,18,2
2180,18,2
2182,18,2
2184,18,2
2186,18,2
2188,18,2
2190,18,2
2192,18,2
2194,18,2
2196,18,2
2198,18,2
2200,18,2
2202,18,2
2204,18,2
2206,18,2
2208,18,2
2210,18,2
2212,18,2
2214,18,2
2216,18,2
2218,18,2
2220,18,2
2222,18,2
2224,18,2
2226,18,2
2228,18,2
2230,18,2
2232,18,2
2234,18,2
2236,18,2
2238,18,2
2240,30,2
2242,30,2
2244,30,2
2246,30,2
2248,30,2
2250,30,2
2252,30,2
2254,30,2
2256,30,2
2258,30,2
2260,30,2
2262,30,2
2264,30,2
2266,30,2
2268,30,2
2270,30,2
2272,30,2
2274,30,2
2276,30,2
2278,30,2
2280,30,2
2282,30,2
2284,38,2
2286,38,2
2288,38,2
2290,38,2
2292,38,2
2294,38,2
2296,38,2
2298,38,2
2300,38,2
2302,38,2
2304,38,2
2306,38,2
2308,38,2
2310,38,2
2312,38,2
2314,38,2
2316,38,2
2318,38,2
2320,38,2
2322,38,2
2324,38,2
2326,38,2
2328,38,2
2330,38,2
2332,38,2
2334,38,2
2336,38,2
2338,38,2
2340,38,2
2342,38,2
2344,32,2
2346,32,2
2348,32,4
2350,24,16
2352,24,16
2354,24,16
2356,24,16
2358,24,16
2360,24,16
2362,24,16
2364,24,16
2366,24,2
2368,24,2
2370,24,2
2372,24,2
2374,24,2
2376,24,2
2378,24,2
2380,24,10
2382,24,10
2384,24,10
2386,24,10
2388,24,10
2390,24,10
2392,24,10
2394,24,10
2396,24,10
2398,24,10
2400,24,10
2402,24,10
2404,24,10
2406,24,10
2408,24,10
2410,24,2
2412,24,2
2414,24,2
2416,24,2
2418,24,2
2420,24,2
2422,24,2
2424,24,2
2426,24,2
2428,24,2
2430,24,2
2432,24,2
2434,24,2
2436,24,2
2438,24,2
2440,24,2
2442,24,2
2444,24,2
2446,24,2
2448,24,2
2450,24,2
2452,24,2
2454,24,2
2456,24,2
2458,24,2
2460,24,2
2462,24,2
2464,24,2
2466,24,12
2468,24,12
2470,24,12
2472,24,2
2474,24,2
2476,24,2
2478,16,2
2480,12,2
2482,12,2
2484,12,2
2486,12,2
2488,12,2
2490,12,2
2492,12,2
2494,12,2
2496,12,2
2498,12,2
2500,12,2
2502,12,2
2504,12,2
2506,12,2
2508,12,2
2510,12,2
2512,12,2
2514,12,2
2516,12,2
2518,12,2
2520,12,2
2522,12,2
2524,12,2
2526,12,2
2528,12,2
2530,12,2
2532,12,2
2534,12,2
2536,12,2
2538,12,2
2540,12,2
2542,20,2
2544,20,2
2546,20,2
2548,20,2
2550,20,2
2552,20,2
2554,24,2
2556,22,2
2558,22,2
2560,22,2
2562,22,2
2564,22,2
2566,22,2
2568,22,2
2570,22,2
2572,22,2
2574,22,2
2576,22,2
2578,22,2
2580,22,2
2582,22,2
2584,22,2
2586,22,2
2588,22,2
2590,22,2
2592,22,2
2594,22,2
2596,22,2
2598,22,2
2600,22,2
2602,22,2
2604,22,2
2606,22,2
2608,22,2
2610,22,2
2612,22,2
2614,22,2
2616,22,2
2618,16,2
2620,16,2
2622,16,2
2624,16,2
2626,16,2
2628,16,2
2630,16,2
2632,16,2
2634,16,2
2636,16,2
2638,16,2
2640,16,2
2642,16,2
2644,16,2
2646,16,2
2648,16,2
2650,16,2
2652,16,2
2654,16,2
2656,16,2
2658,24,2
2660,24,2
2662,24,2
2664,24,2
2666,24,2
2668,24,2
2670,24,2
2672,24,2
2674,24,2
2676,24,2
2678,24,2
2680,24,2
2682,24,2
2684,24,2
2686,24,2
2688,24,2
2690,24,2
2692,24,2
2694,24,2
2696,24,2
2698,24,2
2700,24,2
2702,24,2
2704,24,2
2706,24,2
2708,24,2
2710,24,2
2712,24,2
2714,24,2
2716,24,2
2718,24,2
2720,42,2
2722,38,2
2724,38,2
2726,38,2
2728,38,2
2730,38,2
2732,38,2
2734,38,2
2736,38,2
2738,38,2
2740,38,2
2742,38,2
2744,38,2
2746,38,2
2748,38,2
2750,38,2
2752,38,2
2754,38,2
2756,38,2
2758,38,2
2760,52,2
2762,52,2
2764,52,2
2766,52,2
2768,52,2
2770,64,2
2772,70,2
2774,64,2
2776,64,2
2778,64,2
2780,64,2
2782,60,2
2784,50,2
2786,44,2
2788,52,2
2790,48,2
2792,48,2
2794,54,2
2796,56,2
2798,48,2
2800,48,2
2802,50,2
2804,48,2
2806,48,2
2808,48,2
2810,48,2
2812,48,2
2814,48,2
2816,48,2
2818,48,2
2820,48,2
2822,48,2
2824,48,2
2826,48,2
2828,48,2
2830,46,2
2832,46,2
2834,46,2
2836,46,2
2838,46,2
2840,42,2
2842,40,2
2844,40,2
2846,40,2
2848,40,2
2850,44,2
2852,44,2
2854,44,2
2856,44,2
2858,44,22
2860,44,2
2862,44,2
2864,44,2
2866,44,2
2868,44,2
2870,44,2
2872,44,2
2874,44,2
2876,44,2
2878,44,2
2880,44,2
2882,44,2
2884,44,2
2886,44,2
2888,44,2
2890,44,2
2892,44,2
2894,44,2
2896,44,2
2898,44,2
2900,44,2
2902,44,2
2904,44,2
2906,44,2
2908,44,2
2910,44,2
2912,34,2
2914,34,2
2916,34,2
2918,34,2
2920,34,2
2922,34,2
2924,34,2
2926,34,2
2928,34,2
2930,34,2
2932,34,2
2934,34,2
2936,34,2
2938,34,2
2940,34,2
2942,34,2
2944,32,2
2946,24,2
2948,24,2
2950,24,2
2952,24,2
2954,24,2
2956,24,2
2958,24,2
2960,24,2
2962,24,2
2964,24,2
2966,24,2
2968,24,2
2970,24,2
2972,24,2
2974,24,2
2976,24,2
2978,24,2
2980,24,2
2982,24,2
2984,24,2
2986,32,2
2988,32,2
2990,32,2
2992,32,2
2994,32,2
2996,32,2
2998,32,2
3000,32,2
3002,32,2
3004,32,10
3006,32,10
3008,32,10
3010,32,2
3012,32,2
3014,32,2
3016,32,2
3018,32,2
3020,32,2
3022,32,2
3024,32,2
3026,32,2
3028,32,2
3030,32,2
3032,32,2
3034,32,2
3036,32,2
3038,32,2
3040,32,2
3042,32,2
3044,32,2
3046,32,2
3048,32,2
3050,32,2
3052,32,2
3054,32,2
3056,32,2
3058,32,2
3060,32,2
3062,32,2
3064,32,2
3066,32,2
3068,32,2
3070,32,2
3072,32,2
3074,32,2
3076,32,2
3078,32,2
3080,32,2
3082,32,2
3084,32,2
3086,32,2
3088,32,2
3090,22,2
3092,22,2
3094,22,2
3096,22,2
3098,22,2
3100,28,2
3102,28,2
3104,28,2
3106,28,2
3108,28,2
3110,28,2
3112,28,2
3114,28,2
3116,28,2
3118,28,2
3120,28,2
3122,28,2
3124,28,2
3126,28,2
3128,28,2
3130,28,2
3132,28,2
3134,28,2
3136,28,2
3138,28,2
3140,28,2
3142,28,2
3144,28,2
3146,28,2
3148,28,2
3150,28,2
3152,28,2
3154,28,2
3156,28,2
3158,28,2
3160,28,2
3162,28,2
3164,28,2
3166,24,2
3168,24,2
3170,24,2
3172,24,2
3174,24,2
3176,24,2
3178,24,2
3180,24,2
3182,24,2
3184,24,2
3186,24,2
3188,24,2
3190,24,2
3192,24,2
3194,24,2
3196,24,2
3198,24,2
3200,24,2
3202,24,2
3204,24,2
3206,24,2
3208,24,2
3210,24,2
3212,24,2
3214,24,2
3216,24,2
3218,24,2
3220,24,2
3222,24,2
3224,24,2
3226,24,2
3228,24,2
3230,24,2
3232,24,2
3234,24,2
3236,24,2
3238,24,2
3240,24,2
3242,24,2
3244,24,2
3246,12,2
3248,12,2
3250,18,2
3252,18,2
3254,18,2
3256,18,2
3258,18,2
3260,18,2
3262,18,2
3264,18,2
3266,18,2
3268,18,2
3270,18,2
3272,18,2
3274,18,2
3276,18,2
3278,18,2
3280,18,2
3282,18,2
3284,18,2
3286,18,2
3288,18,2
3290,18,2
3292,18,2
3294,18,2
3296,18,2
3298,18,2
3300,18,2
3302,18,2
3304,18,2
3306,18,2
3308,18,2
3310,18,2
3312,18,2
3314,18,2
3316,18,2
3318,18,2
3320,18,2
3322,18,2
3324,18,2
3326,18,2
3328,18,2
3330,18,2
3332,18,2
3334,18,2
3336,18,2
3338,18,2
3340,18,2
3342,18,2
3344,18,2
3346,18,2
3348,18,2
3350,18,2
3352,18,2
3354,18,2
3356,18,2
3358,18,2
3360,18,2
3362,18,2
3364,18,2
3366,18,2
3368,18,2
3370,18,2
3372,18,2
3374,18,2
3376,18,2
3378,18,2
3380,18,2
3382,18,2
3384,18,2
3386,18,2
3388,18,2
3390,18,2
3392,18,2
3394,18,2
3396,18,2
3398,18,2
3400,18,2
3402,18,2
3404,18,2
3406,18,2
3408,18,2
3410,18,2
3412,26,2
3414,26,2
3416,26,2
3418,26,2
3420,26,2
3422,26,2
3424,26,2
3426,26,2
3428,26,2
3430,26,2
3432,26,2
3434,26,2
3436,26,2
3438,26,2
3440,26,2
3442,26,2
3444,26,2
3446,26,2
3448,26,2
3450,26,2
3452,26,2
3454,26,2
3456,26,2
3458,26,2
3460,26,2
3462,26,2
3464,26,2
3466,24,2
3468,20,2
3470,20,2
3472,20,2
3474,20,2
3476,20,2
3478,20,2
3480,20,2
3482,20,2
3484,20,2
3486,20,2
3488,20,2
3490,20,2
3492,20,2
3494,20,2
3496,20,2
3498,20,2
3500,20,2
3502,20,2
3504,20,2
3506,20,2
3508,20,2
3510,20,2
3512,20,2
3514,20,2
3516,20,2
3518,20,14
3520,20,8
3522,20,8
3524,20,8
3526,20,2
3528,20,2
3530,20,2
3532,20,2
3534,20,2
3536,20,2
3538,20,2
3540,20,2
3542,20,2
3544,20,2
3546,20,2
3548,20,2
3550,20,2
3552,20,2
3554,20,2
3556,20,2
3558,20,2
3560,20,2
3562,20,2
3564,20,2
3566,20,2
3568,20,2
3570,20,2
3572,20,2
3574,20,2
3576,20,2
3578,20,2
3580,20,2
3582,20,2
3584,20,2
3586,20,2
3588,20,2
3590,20,2
3592,20,2
3594,20,2
3596,20,2
3598,20,2
3600,20,2
3602,20,2
3604,20,2
3606,20,2
3608,20,2
3610,20,2
3612,20,2
3614,20,2
3616,20,2
3618,20,2
3620,20,2
3622,20,2
3624,20,2
3626,20,2
3628,20,2
3630,20,2
3632,20,2
3634,20,2
3636,20,2
3638,20,2
3640,20,2
3642,20,2
3644,20,2
3646,20,2
3648,20,2
3650,20,2
3652,20,2
3654,20,2
3656,20,2
3658,20,2
3660,20,2
3662,20,2
3664,20,2
3666,20,2
3668,20,2
3670,20,2
3672,20,2
3674,20,2
3676,20,2
3678,20,2
3680,20,2
3682,20,2
3684,20,2
3686,20,2
3688,20,2
3690,20,2
3692,20,2
3694,28,2
3696,28,2
3698,36,2
3700,36,2
3702,36,2
3704,36,2
3706,36,2
3708,36,2
3710,36,2
3712,36,2
3714,36,2
3716,36,2
3718,36,2
3720,36,2
3722,36,2
3724,36,2
3726,36,2
3728,36,2
3730,36,2
3732,36,2
3734,36,2
3736,36,2
3738,36,2
3740,36,2
3742,36,2
3744,36,2
3746,36,2
3748,32,2
3750,28,2
3752,22,2
3754,22,2
3756,22,2
3758,22,2
3760,22,2
3762,22,2
3764,22,2
3766,26,2
3768,26,2
3770,26,2
3772,26,2
3774,26,2
3776,26,2
3778,26,2
3780,26,2
3782,26,2
3784,26,2
3786,26,2
3788,26,2
3790,26,2
3792,26,2
3794,26,2
3796,26,2
3798,26,2
3800,26,2
3802,26,2
3804,26,2
3806,26,2
3808,26,2
3810,26,2
3812,26,2
3814,26,2
3816,26,2
3818,26,2
3820,26,2
3822,26,2
3824,26,2
3826,26,2
3828,26,2
3830,26,2
3832,26,2
3834,26,2
3836,26,2
3838,26,2
3840,26,2
3842,26,2
3844,26,2
3846,26,2
3848,26,2
3850,26,2
3852,26,2
3854,26,2
3856,26,2
3858,26,2
3860,26,2
3862,26,2
3864,26,2
3866,26,2
3868,26,2
3870,26,2
3872,26,2
3874,26,2
3876,26,2
3878,26,2
3880,26,2
3882,26,2
3884,26,2
3886,26,2
3888,26,2
3890,26,2
3892,26,2
3894,26,2
3896,26,2
3898,26,2
3900,26,2
3902,26,2
3904,26,2
3906,26,2
3908,26,2
3910,26,2
3912,26,2
3914,26,2
3916,26,2
3918,26,2
3920,26,2
3922,26,2
3924,26,2
3926,26,2
3928,26,2
3930,26,2
3932,26,2
3934,26,2
3936,26,2
3938,26,2
3940,26,2
3942,26,2
3944,26,2
3946,26,2
3948,26,2
3950,26,2
3952,26,2
3954,26,2
3956,26,2
3958,26,2
3960,26,2
3962,26,2
3964,26,2
3966,36,2
3968,36,2
3970,36,2
3972,36,2
3974,36,2
3976,36,2
3978,36,2
3980,36,2
3982,36,2
3984,36,2
3986,36,2
3988,36,2
3990,36,2
3992,36,2
3994,36,2
3996,36,2
3998,36,2
4000,44,2
4002,44,2
4004,44,2
4006,44,2
4008,44,2
4010,44,2
4012,44,2
4014,44,2
4016,44,2
4018,44,2
4020,44,2
4022,44,2
4024,44,2
4026,44,2
4028,44,2
4030,44,2
4032,44,2
4034,24,2
4036,24,2
4038,24,2
4040,24,2
4042,24,2
4044,24,2
4046,24,2
4048,24,2
4050,24,2
4052,24,2
4054,24,2
4056,24,2
4058,24,2
4060,24,2
4062,24,2
4064,24,2
4066,24,2
4068,24,2
4070,24,2
4072,24,2
4074,24,2
4076,24,2
4078,24,2
4080,24,2
4082,24,2
4084,24,2
4086,24,2
4088,24,2
4090,24,2
4092,24,2
4094,24,2
4096,24,2
4098,24,2
4100,24,2
4102,24,2
4104,24,2
4106,32,2
4108,32,2
4110,32,2
4112,32,2
4114,32,2
4116,32,2
4118,32,2
4120,32,2
4122,32,2
4124,32,2
4126,32,2
4128,32,2
4130,32,2
4132,32,2
4134,32,2
4136,32,2
4138,32,2
4140,32,2
4142,32,2
4144,32,2
4146,32,2
4148,32,2
4150,32,2
4152,32,2
4154,32,2
4156,32,2
4158,32,2
4160,32,2
4162,32,2
4164,32,2
4166,32,2
4168,32,2
4170,32,2
4172,32,2
4174,32,2
4176,32,2
4178,32,2
4180,32,2
4182,32,2
4184,32,2
4186,32,2
4188,32,2
4190,32,2
4192,32,2
4194,32,2
4196,32,2
4198,26,2
4200,26,2
4202,26,2
4204,26,2
4206,26,2
4208,26,2
4210,26,2
4212,26,2
4214,26,2
4216,26,2
4218,26,2
4220,26,2
4222,26,2
4224,26,2
4226,26,2
4228,26,2
4230,26,2
4232,26,2
4234,26,2
4236,26,2
4238,26,2
4240,26,2
4242,26,2
4244,26,2
4246,26,2
4248,26,2
4250,26,2
4252,26,2
4254,26,2
4256,26,2
4258,26,2
4260,26,2
4262,26,2
4264,26,2
4266,26,2
4268,26,2
4270,26,2
4272,26,2
4274,26,2
4276,26,2
4278,28,2
4280,28,2
4282,28,2
4284,28,2
4286,28,2
4288,28,2
4290,28,2
4292,28,2
4294,26,2
4296,26,2
4298,26,2
4300,26,2
4302,26,2
4304,26,2
4306,26,2
4308,26,2
4310,26,2
4312,26,2
4314,26,2
4316,26,2
4318,26,2
4320,26,2
4322,26,2
4324,26,2
4326,30,2
4328,30,2
4330,30,2
4332,30,2
4334,30,2
4336,30,2
4338,30,2
4340,24,2
4342,24,2
4344,24,2
4346,24,2
4348,24,2
4350,24,2
4352,24,2
4354,24,2
4356,24,2
4358,24,2
4360,24,2
4362,24,2
4364,24,2
4366,24,2
4368,24,2
4370,24,2
4372,24,2
4374,24,2
4376,24,2
4378,24,2
4380,24,2
4382,24,2
4384,24,2
4386,24,2
4388,24,2
4390,24,2
4392,24,2
4394,24,2
4396,24,2
4398,24,2
4400,24,2
4402,24,2
4404,24,2
4406,24,2
4408,24,2
4410,24,2
4412,24,2
4414,24,2
4416,24,2
4418,24,2
4420,24,2
4422,24,2
4424,24,2
4426,24,2
4428,24,2
4430,24,2
4432,24,2
4434,24,2
4436,24,2
4438,24,2
4440,24,2
4442,24,2
4444,24,2
4446,24,2
4448,24,2
4450,24,2
4452,24,2
4454,24,2
4456,24,2
4458,24,2
4460,24,2
4462,24,2
4464,24,2
4466,24,2
4468,24,2
4470,24,2
4472,24,2
4474,24,2
4476,24,2
4478,24,2
4480,24,2
4482,24,2
4484,24,2
4486,24,2
4488,24,2
4490,24,2
4492,24,2
4494,30,2
4496,38,2
4498,38,2
4500,38,2
4502,38,2
4504,38,2
4506,38,2
4508,38,2
4510,38,2
4512,38,2
4514,38,2
4516,38,2
4518,38,2
4520,38,2
4522,38,2
4524,38,2
4526,38,2
4528,38,2
4530,38,2
4532,38,2
4534,38,2
4536,38,2
4538,38,2
4540,38,2
4542,38,2
4544,38,2
4546,38,2
4548,38,2
4550,38,2
4552,38,2
4554,38,2
4556,38,2
4558,38,2
4560,38,2
4562,38,2
4564,38,2
4566,38,10
4568,38,10
4570,38,10
4572,38,2
4574,38,2
4576,38,2
4578,38,2
4580,38,2
4582,38,2
4584,38,2
4586,38,2
4588,38,2
4590,38,2
4592,38,2
4594,38,2
4596,38,2
4598,38,2
4600,38,2
4602,38,2
4604,38,2
4606,38,12
4608,38,12
4610,38,12
4612,38,2
4614,38,2
4616,38,2
4618,38,2
4620,38,2
4622,38,2
4624,38,2
4626,38,2
4628,38,2
4630,38,2
4632,38,2
4634,38,2
4636,38,2
4638,38,2
4640,38,2
4642,38,2
4644,38,2
4646,38,2
4648,38,2
4650,38,2
4652,38,2
4654,38,2
4656,38,2
4658,38,2
4660,38,2
4662,32,2
4664,32,2
4666,32,2
4668,32,2
4670,32,2
4672,32,2
4674,32,2
4676,32,2
4678,32,2
4680,32,2
4682,32,2
4684,32,2
4686,32,2
4688,32,2
4690,32,2
4692,32,2
4694,32,12
4696,32,2
4698,32,2
4700,32,2
4702,32,2
4704,32,2
4706,32,2
4708,32,2
4710,32,2
4712,32,2
4714,32,2
4716,32,2
4718,32,2
4720,32,2
4722,32,2
4724,32,2
4726,32,2
4728,32,2
4730,32,2
4732,32,2
4734,32,2
4736,32,2
4738,32,2
4740,32,2
4742,32,2
4744,32,2
4746,32,2
4748,32,2
4750,32,2
4752,32,2
4754,32,2
4756,32,2
4758,32,2
4760,32,2
4762,32,2
4764,32,2
4766,32,2
4768,32,2
4770,32,2
4772,32,2
4774,32,2
4776,32,2
4778,32,2
4780,32,2
4782,32,2
4784,32,2
4786,26,2
4788,26,2
4790,26,2
4792,26,2
4794,26,2
4796,26,2
4798,26,2
4800,26,2
4802,26,2
4804,26,2
4806,26,2
4808,24,2
4810,24,2
4812,24,2
4814,24,2
4816,24,2
4818,24,2
4820,24,2
4822,24,2
4824,24,2
4826,24,2
4828,24,2
4830,24,2
4832,24,2
4834,24,2
4836,24,2
4838,24,2
4840,24,2
4842,24,2
4844,24,2
4846,24,2
4848,24,2
4850,24,2
4852,24,2
4854,24,2
4856,24,2
4858,24,2
4860,24,2
4862,24,2
4864,24,2
4866,24,2
4868,24,2
4870,24,2
4872,24,2
4874,24,2
4876,24,2
4878,24,2
4880,24,2
4882,24,2
4884,24,2
4886,24,2
4888,24,2
4890,24,2
4892,24,2
4894,24,2
4896,24,2
4898,24,2
4900,24,2
4902,24,2
4904,24,2
4906,24,2
4908,24,2
4910,24,2
4912,24,2
4914,24,2
4916,24,2
4918,24,2
4920,24,2
4922,24,2
4924,24,2
4926,24,2
4928,24,2
4930,24,2
4932,24,2
4934,24,2
4936,24,2
4938,24,2
4940,24,2
4942,24,2
4944,24,2
4946,24,2
4948,24,2
4950,24,2
4952,24,2
4954,24,2
4956,24,2
4958,24,2
4960,24,2
4962,24,2
4964,24,2
4966,24,2
4968,24,2
4970,24,2
4972,24,2
4974,24,2
4976,24,2
4978,24,2
4980,24,2
4982,24,2
4984,24,2
4986,24,2
4988,24,2
4990,24,2
4992,24,2
4994,24,2
4996,24,2
4998,24,2
5000,24,2
5002,24,2
5004,24,2
5006,24,2
5008,32,2
5010,32,2
5012,32,2
5014,32,2
5016,32,2
5018,32,2
5020,32,2
5022,32,2
5024,32,2
5026,32,2
5028,32,2
5030,32,2
5032,32,2
5034,32,2
5036,32,2
5038,32,2
5040,32,2
5042,32,2
5044,32,2
5046,32,2
5048,32,2
5050,32,2
5052,32,2
5054,32,2
5056,32,2
5058,32,2
5060,32,2
5062,32,2
5064,58,2
5066,60,2
5068,60,2
5070,60,2
5072,60,2
5074,64,2
5076,64,2
5078,64,2
5080,64,2
5082,64,2
5084,64,2
5086,64,2
5088,64,2
5090,64,2
5092,64,2
5094,64,2
5096,64,2
5098,64,2
5100,66,2
5102,36,2
5104,36,2
5106,38,2
5108,38,2
5110,38,2
5112,38,2
5114,38,2
5116,38,2
5118,38,2
5120,34,8
5122,34,10
5124,34,2
5126,34,2
5128,34,2
5130,34,2
5132,34,2
5134,34,2
5136,34,2
5138,34,2
5140,34,2
5142,34,2
5144,34,2
5146,34,2
5148,34,2
5150,34,2
5152,34,2
5154,34,2
5156,34,2
5158,34,2
5160,34,2
5162,34,2
5164,34,2
5166,34,2
5168,34,2
5170,34,2
5172,32,2
5174,28,2
5176,28,2
5178,28,2
5180,28,2
5182,28,2
5184,28,2
5186,28,2
5188,28,2
5190,28,2
5192,28,2
5194,28,2
5196,28,2
5198,28,2
5200,28,2
5202,28,2
5204,28,2
5206,28,2
5208,28,2
5210,28,2
5212,28,2
5214,28,2
5216,28,2
5218,28,2
5220,28,2
5222,28,2
5224,28,2
5226,28,2
5228,28,2
5230,28,2
5232,28,2
5234,28,2
5236,28,2
5238,28,2
5240,28,2
5242,28,2
5244,28,2
5246,28,2
5248,28,2
5250,28,2
5252,28,2
5254,28,2
5256,28,2
5258,28,2
5260,32,2
5262,32,2
5264,32,2
5266,32,2
5268,32,2
5270,32,2
5272,32,2
5274,32,2
5276,32,2
5278,32,2
5280,32,2
5282,32,2
5284,32,2
5286,32,2
5288,32,2
5290,32,2
5292,32,2
5294,32,2
5296,32,2
5298,32,2
5300,32,2
5302,32,2
5304,32,2
5306,32,2
5308,32,2
5310,32,2
5312,32,2
5314,32,2
5316,30,2
5318,30,2
5320,30,2
5322,30,2
5324,30,2
5326,30,2
5328,30,2
5330,30,2
5332,30,2
5334,30,2
5336,30,2
5338,30,2
5340,30,2
5342,30,2
5344,30,2
5346,30,2
5348,30,2
5350,30,2
5352,30,2
5354,30,2
5356,30,2
5358,30,2
5360,30,2
5362,30,2
5364,30,2
5366,30,2
5368,30,2
5370,30,2
5372,30,2
5374,30,2
5376,30,2
5378,30,2
5380,30,2
5382,30,2
5384,30,2
5386,30,2
5388,30,2
5390,30,2
5392,30,2
5394,30,2
5396,30,2
5398,30,2
5400,30,2
5402,30,2
5404,30,2
5406,30,2
5408,30,2
5410,30,2
5412,30,2
5414,30,2
5416,30,2
5418,30,2
5420,30,2
5422,30,2
5424,30,2
5426,30,2
5428,30,2
5430,30,2
5432,30,2
5434,30,2
5436,30,2
5438,30,2
5440,30,2
5442,30,2
5444,30,2
5446,30,2
5448,30,2
5450,30,10
5452,30,10
5454,30,10
5456,30,10
5458,30,2
5460,30,2
5462,30,2
5464,30,2
5466,30,2
5468,30,2
5470,30,2
5472,30,2
5474,30,2
5476,30,2
5478,30,2
5480,30,2
5482,30,2
5484,30,2
5486,30,2
5488,30,2
5490,30,2
5492,30,2
5494,30,2
5496,30,2
5498,30,2
5500,30,2
5502,30,2
5504,30,2
5506,30,2
5508,30,2
5510,30,2
5512,30,2
5514,30,2
5516,30,2
5518,30,2
5520,30,2
5522,30,2
5524,30,2
5526,30,2
5528,30,2
5530,30,2
5532,30,2
5534,30,2
5536,30,2
5538,30,2
5540,30,2
5542,30,2
5544,30,2
5546,30,2
5548,30,2
5550,30,2
5552,30,2
5554,30,2
5556,30,2
5558,30,2
5560,30,2
5562,30,2
5564,30,2
5566,30,2
5568,30,2
5570,30,2
5572,30,2
5574,30,2
5576,30,2
5578,30,2
5580,36,2
5582,36,2
5584,36,2
5586,36,2
5588,36,2
5590,36,2
5592,36,2
5594,36,2
5596,36,2
5598,36,2
5600,36,2
5602,36,2
5604,36,2
5606,36,2
5608,36,2
5610,36,2
5612,36,2
5614,36,2
5616,36,2
5618,36,2
5620,36,2
5622,36,2
5624,36,2
5626,36,2
5628,36,2
5630,36,2
5632,36,2
5634,36,2
5636,36,2
5638,36,2
5640,36,2
5642,36,2
5644,36,2
5646,36,2
5648,36,2
5650,36,2
5652,36,2
5654,36,2
5656,36,2
5658,36,2
5660,36,2
5662,36,2
5664,36,2
5666,36,2
5668,36,2
5670,36,2
5672,36,2
5674,36,2
5676,36,2
5678,36,2
5680,36,2
5682,36,2
5684,36,2
5686,36,2
5688,36,2
5690,36,2
5692,36,2
5694,36,2
5696,36,2
5698,36,2
5700,36,2
5702,36,2
5704,36,2
5706,36,2
5708,36,2
5710,36,2
5712,42,2
5714,44,2
5716,44,2
5718,44,2
5720,44,2
5722,44,2
5724,44,2
5726,44,2
5728,44,2
5730,44,2
5732,44,2
5734,44,2
5736,44,2
5738,44,2
5740,44,2
5742,44,2
5744,44,2
5746,44,2
5748,44,2
5750,44,2
5752,44,2
5754,44,2
5756,44,2
5758,44,2
5760,44,2
5762,44,2
5764,44,2
5766,44,2
5768,38,2
5770,38,2
5772,38,2
5774,38,2
5776,38,2
5778,38,2
5780,38,2
5782,38,2
5784,38,2
5786,38,2
5788,38,2
5790,38,2
5792,38,2
5794,38,2
5796,38,2
5798,38,2
5800,38,2
5802,38,2
5804,38,2
5806,38,2
5808,38,2
5810,38,2
5812,42,2
5814,42,2
5816,42,2
5818,42,2
5820,42,2
5822,42,2
5824,42,2
5826,42,2
5828,42,2
5830,42,2
5832,42,2
5834,42,2
5836,42,2
5838,42,2
5840,42,2
5842,42,2
5844,42,2
5846,42,2
5848,48,2
5850,48,2
5852,48,2
5854,48,2
5856,48,2
5858,48,2
5860,48,2
5862,48,2
5864,48,2
5866,48,2
5868,48,2
5870,48,2
5872,48,2
5874,48,2
5876,48,2
5878,48,2
5880,48,2
5882,56,2
5884,56,2
5886,56,2
5888,56,2
5890,56,2
5892,56,2
5894,56,2
5896,56,2
5898,56,2
5900,56,2
5902,56,2
5904,56,2
5906,56,2
5908,56,2
5910,56,2
5912,56,2
5914,56,2
5916,56,2
5918,56,2
5920,56,2
5922,56,2
5924,56,2
5926,56,2
5928,56,2
5930,56,2
5932,56,2
5934,56,2
5936,56,2
5938,56,2
5940,56,2
5942,56,2
5944,56,2
5946,56,2
5948,56,2
5950,56,2
5952,56,2
5954,56,2
5956,56,2
5958,56,2
5960,56,2
5962,56,2
5964,56,2
5966,56,2
5968,56,2
5970,56,2
5972,56,2
5974,56,2
5976,56,2
5978,56,2
5980,56,2
5982,56,2
5984,56,2
5986,56,2
5988,56,2
5990,56,2
5992,56,2
5994,56,2
5996,56,2
5998,56,2
6000,56,2
6002,56,2
6004,56,2
6006,56,2
6008,56,2
6010,56,2
6012,56,2
6014,56,2
6016,56,2
6018,56,2
6020,56,2
6022,56,2
6024,56,2
6026,56,2
6028,56,2
6030,56,2
6032,56,2
6034,56,2
6036,56,2
6038,56,2
6040,56,2
6042,56,2
6044,56,2
6046,56,2
6048,56,2
6050,56,2
6052,56,2
6054,56,2
6056,56,2
6058,56,2
6060,56,2
6062,56,2
6064,56,2
6066,56,2
6068,56,2
6070,56,2
6072,60,2
6074,60,2
6076,60,2
6078,60,2
6080,60,2
6082,60,2
6084,60,2
6086,60,2
6088,60,2
6090,60,2
6092,60,2
6094,60,2
6096,60,2
6098,60,2
6100,60,2
6102,60,2
6104,60,2
6106,60,2
6108,60,14
6110,60,14
6112,60,14
6114,60,24
6116,60,24
6118,60,24
6120,60,24
6122,60,24
6124,60,10
6126,60,2
6128,60,2
6130,60,2
6132,60,2
6134,60,2
6136,60,2
6138,60,2
6140,60,2
6142,60,2
6144,60,2
6146,60,2
6148,60,2
6150,60,2
6152,60,2
6154,60,2
6156,60,2
6158,60,2
6160,60,2
6162,60,2
6164,60,2
6166,60,2
6168,60,2
6170,60,2
6172,60,2
6174,60,2
6176,60,2
6178,60,2
6180,60,2
6182,60,2
6184,60,2
6186,60,2
6188,60,2
6190,60,2
6192,60,2
6194,60,2
6196,60,2
6198,60,2
6200,60,2
6202,60,2
6204,60,2
6206,60,2
6208,60,2
6210,60,2
6212,60,2
6214,60,2
6216,60,2
6218,60,2
6220,64,2
6222,64,2
6224,64,2
6226,64,2
6228,64,2
6230,64,2
6232,64,2
6234,64,2
6236,64,2
6238,64,2
6240,64,2
6242,64,2
6244,64,2
6246,64,2
6248,64,2
6250,64,2
6252,64,2
6254,56,2
6256,56,2
6258,56,2
6260,56,2
6262,56,2
6264,56,2
6266,56,2
6268,50,2
6270,50,2
6272,50,2
6274,50,2
6276,50,2
6278,50,2
6280,50,2
6282,50,2
6284,50,2
6286,50,2
6288,50,2
6290,50,2
6292,50,2
6294,50,2
6296,50,2
6298,50,2
6300,50,2
6302,50,2
6304,50,2
6306,50,2
6308,50,2
6310,50,2
6312,50,2
6314,50,2
6316,50,2
6318,50,2
6320,50,2
6322,50,2
6324,50,2
6326,50,2
6328,50,2
6330,50,2
6332,50,2
6334,50,2
6336,50,2
6338,50,2
6340,50,2
6342,50,2
6344,50,2
6346,50,2
6348,50,2
6350,50,2
6352,50,2
6354,50,2
6356,50,2
6358,50,12
6360,50,12
6362,50,2
6364,50,2
6366,50,2
6368,50,2
6370,50,2
6372,50,2
6374,50,2
6376,50,2
6378,50,2
6380,50,2
6382,50,2
6384,50,2
6386,50,2
6388,50,2
6390,50,2
6392,50,2
6394,50,2
6396,50,2
6398,50,2
6400,50,2
6402,50,2
6404,50,2
6406,50,2
6408,50,2
6410,50,2
6412,50,2
6414,50,2
6416,50,2
6418,50,2
6420,50,2
6422,50,2
6424,50,2
6426,50,2
6428,50,2
6430,50,2
6432,50,2
6434,50,2
6436,50,2
6438,54,2
6440,68,2
6442,68,2
6444,68,2
6446,68,2
6448,68,2
6450,68,2
6452,68,2
6454,68,2
6456,68,2
6458,68,2
6460,68,2
6462,68,2
6464,68,2
6466,68,2
6468,68,2
6470,68,2
6472,68,2
6474,68,2
6476,68,2
6478,68,2
6480,60,2
6482,60,2
6484,60,2
6486,60,2
6488,60,2
6490,60,2
6492,60,2
6494,60,2
6496,60,2
6498,60,2
6500,60,2
6502,60,2
6504,60,2
6506,60,2
6508,60,2
6510,60,2
6512,60,2
6514,60,2
6516,60,2
6518,60,2
6520,60,2
6522,60,2
6524,60,2
6526,60,2
6528,60,2
6530,60,2
6532,60,2
6534,60,2
6536,60,2
6538,60,2
6540,60,2
6542,60,2
6544,50,2
6546,50,2
6548,50,2
6550,50,2
6552,50,2
6554,50,2
6556,50,2
6558,50,2
6560,50,2
6562,50,2
6564,50,2
6566,50,2
6568,50,2
6570,50,2
6572,50,2
6574,50,2
6576,50,2
6578,50,2
6580,50,2
6582,50,2
6584,50,2
6586,50,2
6588,50,2
6590,50,2
6592,50,2
6594,50,2
6596,50,2
6598,50,2
6600,50,2
6602,50,2
6604,50,2
6606,50,2
6608,50,2
6610,50,2
6612,50,2
6614,50,2
6616,50,2
6618,50,2
6620,50,2
6622,50,2
6624,50,18
6626,50,20
6628,50,20
6630,50,20
6632,50,38
6634,50,38
6636,50,38
6638,50,38
6640,50,38
6642,50,38
6644,50,38
6646,50,38
6648,50,38
6650,50,38
6652,50,38
6654,50,38
6656,50,38
6658,50,38
6660,50,38
6662,50,50
6664,50,50
6666,50,50
6668,50,50
6670,50,50
6672,50,50
6674,50,50
6676,50,18
6678,50,18
6680,50,18
6682,50,18
6684,50,18
6686,50,2
6688,50,2
6690,50,2
6692,50,2
6694,50,2
6696,50,2
6698,50,2
6700,50,2
6702,50,2
6704,50,2
6706,50,2
6708,50,2
6710,50,2
6712,50,2
6714,50,2
6716,50,2
6718,50,2
6720,50,2
6722,50,2
6724,44,2
6726,38,2
6728,38,2
6730,38,2
6732,38,2
6734,38,2
6736,38,2
6738,38,2
6740,38,2
6742,38,2
6744,30,2
6746,30,2
6748,30,2
6750,30,2
6752,30,2
6754,30,2
6756,30,2
6758,36,2
6760,36,2
6762,36,2
6764,36,2
6766,36,2
6768,36,2
6770,36,2
6772,36,2
6774,36,10
6776,36,10
6778,36,2
6780,36,2
6782,36,2
6784,36,2
6786,36,2
6788,36,2
6790,36,2
6792,36,2
6794,36,2
6796,36,2
6798,36,2
6800,36,2
6802,36,2
6804,36,2
6806,36,2
6808,36,2
6810,36,2
6812,36,2
6814,36,2
6816,36,2
6818,36,2
6820,36,2
6822,36,2
6824,36,2
6826,36,2
6828,36,2
6830,36,2
6832,36,2
6834,36,2
6836,36,2
6838,36,2
6840,36,2
6842,36,2
6844,36,2
6846,36,2
6848,36,2
6850,36,2
6852,36,2
6854,36,2
6856,36,2
6858,36,2
6860,36,2
6862,36,2
6864,36,2
6866,36,2
6868,36,2
6870,36,2
6872,36,2
6874,36,2
6876,36,2
6878,36,2
6880,36,2
6882,36,2
6884,36,2
6886,36,2
6888,36,2
6890,36,2
6892,36,2
6894,36,2
6896,36,2
6898,36,2
6900,36,2
6902,36,2
6904,36,2
6906,36,2
6908,36,2
6910,36,2
6912,36,2
6914,36,2
6916,36,2
6918,36,2
6920,36,2
6922,36,2
6924,36,2
6926,36,2
6928,36,2
6930,36,2
6932,36,2
6934,36,2
6936,36,2
6938,36,2
6940,36,2
6942,36,2
6944,36,2
6946,36,4
6948,36,8
6950,40,8
6952,40,8
6954,40,8
6956,40,8
6958,40,8
6960,40,8
6962,40,8
6964,40,8
6966,40,8
6968,40,8
6970,40,8
6972,40,8
6974,40,8
6976,40,8
6978,40,8
6980,40,8
6982,40,8
6984,40,8
6986,40,8
6988,40,8
6990,40,8
6992,40,8
6994,40,8
6996,40,16
6998,40,16
7000,40,16
7002,40,16
7004,40,16
7006,40,50
7008,40,50
7010,40,56
7012,40,64
7014,40,64
7016,48,64
7018,48,64
7020,48,72
7022,60,72
7024,60,78
7026,60,84
7028,60,84
7030,60,84
7032,60,84
7034,60,84
7036,60,84
7038,60,86
7040,60,86
7042,60,86
7044,60,86
7046,60,86
7048,60,86
7050,60,86
7052,60,86
7054,60,86
7056,60,86
7058,60,86
7060,60,86
7062,60,86
7064,60,86
7066,60,86
7068,60,86
7070,60,86
7072,60,86
7074,60,30
7076,60,24
7078,60,24
7080,60,18
7082,60,12
7084,60,12
7086,60,12
7088,60,12
7090,60,12
7092,60,12
7094,60,12
7096,60,12
7098,60,12
7100,60,12
7102,60,12
7104,60,12
7106,60,12
7108,60,12
7110,60,12
7112,60,12
7114,60,12
7116,60,12
7118,60,12
7120,60,12
7122,60,12
7124,60,12
7126,60,12
7128,60,12
7130,60,12
7132,60,12
7134,60,12
7136,60,12
7138,60,12
7140,60,2
7142,44,2
7144,44,2
7146,44,2
7148,16,2
7150,16,2
7152,16,2
7154,16,2
7156,2,2